<?xml version="1.0"?>

<!--
   "$Id: papers.xml,v 1.5 2008/07/28 12:25:23 rlk Exp $"

   XML description of papers known to libgutenprint.
   You can add additional paper sizes here.

   NOTE: Margins should ONLY be specified for papers where the margin
   is a property of the paper itself, for example a tear-off border.
   Do NOT specify margins here to work around issues such as margins
   being cut off (not printed) by the driver or by the printer itself.
   These should either be handled with the Shrink Page If Necessary to
   Fit Borders option (in CUPS) or if that doesn't work, by filing a
   bug.

   Changing borders here will change borders for ALL printers, even
   even printers without whatever limitation it is that induced you
   to consider setting margins in this file.  It is not under ANY
   circumstances (other than the paper itself having margins) the right
   thing to do.

   Sizes are converted to 1/72in, then rounded down so that we don't
   print off the edge of the paper.
-->


<gutenprint xmlns="http://gimp-print.sourceforge.net/xsd/gp.xsd-1.0" xmlns:xsi="http://www.w3.org/2001/XMLSchema-instance"
  xsi:schemaLocation="http://gimp-print.sourceforge.net/xsd/gp.xsd-1.0 gutenprint.xsd">
<copyright>
 *   Copyright 2008 Robert Krawitz (rlk@alum.mit.edu)
 *
 *   This program is free software; you can redistribute it and/or modify it
 *   under the terms of the GNU General Public License as published by the Free
 *   Software Foundation; either version 2 of the License, or (at your option)
 *   any later version.
 *
 *   This program is distributed in the hope that it will be useful, but
 *   WITHOUT ANY WARRANTY; without even the implied warranty of MERCHANTABILITY
 *   or FITNESS FOR A PARTICULAR PURPOSE.  See the GNU General Public License
 *   for more details.
 *
 *   You should have received a copy of the GNU General Public License
 *   along with this program; if not, write to the Free Software
 *   Foundation, Inc., 59 Temple Place - Suite 330, Boston, MA 02111-1307, USA.
</copyright>
  <paperdef>
<!-- GROUP: Imperial -->
    <paper name="Letter">
      <description translate="value" value="Letter"/>
      <comment value="8.5in x 11in"/>
      <width value="612"/>
      <height value="792"/>
<!-- DISTRIBUTORS: Please do NOT insert margins here to work around -->
<!-- problems with page margins that were present in 5.0.0.  That -->
<!-- workaround is no longer needed.  Please see the explanation at the -->
<!-- top of this file. -->
      <unit value="english"/>
    </paper>
    <paper name="Legal">
      <description translate="value" value="Legal"/>
      <comment value="8.5in x 14in"/>
      <width value="612"/>
      <height value="1008"/>
<!-- DISTRIBUTORS: Please do NOT insert margins here to work around -->
<!-- problems with page margins that were present in 5.0.0.  That -->
<!-- workaround is no longer needed.  Please see the explanation at the -->
<!-- top of this file. -->
      <unit value="english"/>
    </paper>
    <paper name="Tabloid">
      <description translate="value" value="Tabloid"/>
      <comment value="11in x 17in"/>
      <width value="792"/>
      <height value="1224"/>
      <unit value="english"/>
    </paper>
    <paper name="Executive">
      <description translate="value" value="Executive"/>
      <comment value="7.25in x 10.5in"/>
      <width value="522"/>
      <height value="756"/>
      <unit value="english"/>
    </paper>
    <paper name="Postcard">
      <description translate="value" value="Postcard"/>
      <comment value="100mm x 147mm"/>
      <width value="283"/>
      <height value="416"/>
      <unit value="english"/>
    </paper>
    <paper name="CD5Inch">
      <description translate="value" value="CD - 5 inch"/>
      <comment value="CD, 116mm diameter"/>
      <width value="329"/>
      <height value="329"/>
      <unit value="english"/>
    </paper>
    <paper name="CD3Inch">
      <description translate="value" value="CD - 3 inch"/>
      <comment value="CD, 65mm diameter"/>
      <width value="184"/>
      <height value="184"/>
      <unit value="english"/>
    </paper>
    <paper name="CDCustom">
      <description translate="value" value="CD - Custom"/>
      <comment value="CD, custom diameter"/>
      <width value="340"/>
      <height value="340"/>
      <unit value="english"/>
    </paper>
    <paper name="w216h360">
      <description translate="value" value="3x5"/>
      <width value="216"/>
      <height value="360"/>
      <unit value="english-extended"/>
    </paper>
    <paper name="w252h360">
      <description translate="value" value="3 1/2 x5"/>
      <width value="252"/>
      <height value="360"/>
      <unit value="english-extended"/>
    </paper>
    <paper name="w288h432">
      <description translate="value" value="4x6"/>
      <width value="288"/>
      <height value="432"/>
      <unit value="english"/>
    </paper>
    <paper name="w324h495">
      <description translate="value" value="Epson 4x6 Photo Paper (tear-off borders)"/>
      <width value="324"/>
      <height value="495"/>
      <unit value="english-extended"/>
      <top value="18"/>
      <left value="18"/>
      <right value="18"/>
      <bottom value="45"/>
    </paper>
    <paper name="w360h504">
      <description translate="value" value="5x7"/>
      <width value="360"/>
      <height value="504"/>
      <unit value="english-extended"/>
    </paper>
    <paper name="w360h576">
      <description translate="value" value="5x8"/>
      <width value="360"/>
      <height value="576"/>
      <unit value="english-extended"/>
    </paper>
    <paper name="w432h576">
      <description translate="value" value="6x8"/>
      <width value="432"/>
      <height value="576"/>
      <unit value="english-extended"/>
    </paper>
    <paper name="c8x10">
      <description translate="value" value="8x10"/>
      <width value="576"/>
      <height value="720"/>
      <unit value="english-extended"/>
    </paper>
    <paper name="Statement">
      <description translate="value" value="Manual"/>
      <comment value="5.5in x 8.5in (Statement)"/>
      <width value="396"/>
      <height value="612"/>
      <unit value="english"/>
    </paper>
    <paper name="TabloidExtra">
      <description translate="value" value="12x18"/>
      <comment value="Tabloid Extra"/>
      <width value="864"/>
      <height value="1296"/>
      <unit value="english-extended"/>
    </paper>
    <paper name="SuperB">
      <description translate="value" value="Super B 13x19"/>
      <width value="936"/>
      <height value="1368"/>
      <unit value="english"/>
    </paper>
    <paper name="EngineeringC">
      <description translate="value" value="Engineering C 17x22"/>
      <width value="1224"/>
      <height value="1584"/>
      <unit value="english"/>
    </paper>
<!--
    Other common photographic paper sizes
-->
    <paper name="w576h864">
      <description translate="value" value="8x12"/>
      <comment value="Sometimes used for 35mm"/>
      <width value="576"/>
      <height value="864"/>
      <unit value="english-extended"/>
    </paper>
    <paper name="w792h1008">
      <description translate="value" value="11x14"/>
      <width value="792"/>
      <height value="1008"/>
      <unit value="english-extended"/>
    </paper>
    <paper name="w1152h1440">
      <description translate="value" value="16x20"/>
      <width value="1152"/>
      <height value="1440"/>
      <unit value="english-extended"/>
    </paper>
    <paper name="w1152h1728">
      <description translate="value" value="16x24"/>
      <comment value="20 x 24 for 35mm"/>
      <width value="1152"/>
      <height value="1728"/>
      <unit value="english-extended"/>
    </paper>
    <paper name="w1440h1728">
      <description translate="value" value="20x24"/>
      <width value="1440"/>
      <height value="1728"/>
      <unit value="english-extended"/>
    </paper>
    <paper name="w1440h2160">
      <description translate="value" value="20x30"/>
      <comment value="24 x 30 for 35mm"/>
      <width value="1440"/>
      <height value="2160"/>
      <unit value="english-extended"/>
    </paper>
    <paper name="w1584h2160">
      <description translate="value" value="22x30"/>
      <comment value="Common watercolor paper"/>
      <width value="1584"/>
      <height value="2160"/>
      <unit value="english-extended"/>
    </paper>
    <paper name="w1728h2160">
      <description translate="value" value="24x30"/>
      <width value="1728"/>
      <height value="2160"/>
      <unit value="english-extended"/>
    </paper>
    <paper name="w1728h2592">
      <description translate="value" value="Super A1 24x36"/>
      <comment value="Sometimes used for 35mm"/>
      <width value="1728"/>
      <height value="2592"/>
      <unit value="english-extended"/>
    </paper>
    <paper name="w2160h2880">
      <description translate="value" value="30x40"/>
      <width value="2160"/>
      <height value="2880"/>
      <unit value="english-extended"/>
    </paper>
<!-- GROUP: International A -->
<!--
    International Paper Sizes (mostly taken from BS4000:1968)

    "A" series: Paper and boards, trimmed sizes

    "A" sizes are in the ratio 1 : sqrt(2).  A0 has a total area
    of 1 square metre.  Everything is rounded to the nearest
    millimetre.  Thus, A0 is 841mm x 1189mm.  Every other A
    size is obtained by doubling or halving another A size.
-->
    <paper name="w4768h6749">
      <description translate="value" value="4A"/>
      <comment value="1682mm x 2378mm"/>
      <width value="4768"/>
      <height value="6749"/>
      <unit value="metric-extended"/>
    </paper>
    <paper name="w3370h4768">
      <description translate="value" value="2A"/>
      <comment value="1189mm x 1682mm"/>
      <width value="3370"/>
      <height value="4768"/>
      <unit value="metric-extended"/>
    </paper>
    <paper name="SuperA0">
      <description translate="value" value="Super A0"/>
      <comment value="914mm x 1292mm"/>
      <width value="2590"/>
      <height value="3662"/>
      <unit value="metric"/>
    </paper>
    <paper name="A0">
      <description translate="value" value="A0"/>
      <comment value="841mm x 1189mm"/>
      <width value="2384"/>
      <height value="3370"/>
      <unit value="metric"/>
    </paper>
    <paper name="A1">
      <description translate="value" value="A1"/>
      <comment value="594mm x 841mm"/>
      <width value="1684"/>
      <height value="2384"/>
      <unit value="metric"/>
    </paper>
    <paper name="A2">
      <description translate="value" value="A2"/>
      <comment value="420mm x 594mm"/>
      <width value="1191"/>
      <height value="1684"/>
      <unit value="metric"/>
    </paper>
    <paper name="A3">
      <description translate="value" value="A3"/>
      <comment value="297mm x 420mm"/>
      <width value="842"/>
      <height value="1191"/>
      <unit value="metric"/>
    </paper>
    <paper name="A4">
      <description translate="value" value="A4"/>
      <comment value="210mm x 297mm"/>
      <width value="595"/>
      <height value="842"/>
      <unit value="metric"/>
<!-- DISTRIBUTORS: Please do NOT insert margins here to work around -->
<!-- problems with page margins that were present in 5.0.0.  That -->
<!-- workaround is no longer needed.  Please see the explanation at the -->
<!-- top of this file. -->
    </paper>
    <paper name="A5">
      <description translate="value" value="A5"/>
      <comment value="148mm x 210mm"/>
      <width value="420"/>
      <height value="595"/>
      <unit value="metric-extended"/>
    </paper>
    <paper name="A6">
      <description translate="value" value="A6"/>
      <comment value="105mm x  148mm"/>
      <width value="297"/>
      <height value="420"/>
      <unit value="metric-extended"/>
    </paper>
    <paper name="A7">
      <description translate="value" value="A7"/>
      <comment value="74mm x 105mm"/>
      <width value="210"/>
      <height value="297"/>
      <unit value="metric-extended"/>
    </paper>
    <paper name="A8">
      <description translate="value" value="A8"/>
      <comment value="52mm x 74mm"/>
      <width value="148"/>
      <height value="210"/>
      <unit value="metric-extended"/>
    </paper>
    <paper name="A9">
      <description translate="value" value="A9"/>
      <comment value="37mm x 52mm"/>
      <width value="105"/>
      <height value="148"/>
      <unit value="metric-extended"/>
    </paper>
    <paper name="A10">
      <description translate="value" value="A10"/>
      <comment value="26mm x 37mm"/>
      <width value="73"/>
      <height value="105"/>
      <unit value="metric-extended"/>
    </paper>
<!--
     Stock sizes for normal trims.
     Allowance for trim is 3 millimetres.
-->
    <paper name="w2437h3458">
      <description translate="value" value="RA0"/>
      <comment value="860mm x 1220mm"/>
      <width value="2437"/>
      <height value="3458"/>
      <unit value="metric-extended"/>
    </paper>
    <paper name="w1729h2437">
      <description translate="value" value="RA1"/>
      <comment value="610mm x 860mm"/>
      <width value="1729"/>
      <height value="2437"/>
      <unit value="metric-extended"/>
    </paper>
    <paper name="w1218h1729">
      <description translate="value" value="RA2"/>
      <comment value="430mm x 610mm"/>
      <width value="1218"/>
      <height value="1729"/>
      <unit value="metric-extended"/>
    </paper>
    <paper name="w864h1218">
      <description translate="value" value="RA3"/>
      <comment value="305mm x 430mm"/>
      <width value="864"/>
      <height value="1218"/>
      <unit value="metric-extended"/>
    </paper>
    <paper name="w609h864">
      <description translate="value" value="RA4"/>
      <comment value="215mm x 305mm"/>
      <width value="609"/>
      <height value="864"/>
      <unit value="metric-extended"/>
    </paper>
<!--
    Stock sizes for bled work or extra trims.
-->
    <paper name="w2551h3628">
      <description translate="value" value="SRA0"/>
      <comment value="900mm x 1280mm"/>
      <width value="2551"/>
      <height value="3628"/>
      <unit value="metric-extended"/>
    </paper>
    <paper name="w1814h2551">
      <description translate="value" value="SRA1"/>
      <comment value="640mm x 900mm"/>
      <width value="1814"/>
      <height value="2551"/>
      <unit value="metric-extended"/>
    </paper>
    <paper name="w1275h1814">
      <description translate="value" value="SRA2"/>
      <comment value="450mm x 640mm"/>
      <width value="1275"/>
      <height value="1814"/>
      <unit value="metric-extended"/>
    </paper>
    <paper name="w907h1275">
      <description translate="value" value="SRA3"/>
      <comment value="320mm x 450mm"/>
      <width value="907"/>
      <height value="1275"/>
      <unit value="metric-extended"/>
    </paper>
    <paper name="w637h907">
      <description translate="value" value="SRA4"/>
      <comment value="225mm x 320mm"/>
      <width value="637"/>
      <height value="907"/>
      <unit value="metric-extended"/>
    </paper>
<!-- GROUP: International B -->
<!--
    "B" series: Posters, wall charts and similar items.
-->
    <paper name="w5669h8016">
      <description translate="value" value="4B ISO"/>
      <comment value="2000mm x 2828mm"/>
      <width value="5669"/>
      <height value="8016"/>
      <unit value="metric-extended"/>
    </paper>
    <paper name="w4008h5669">
      <description translate="value" value="2B ISO"/>
      <comment value="1414mm x 2000mm"/>
      <width value="4008"/>
      <height value="5669"/>
      <unit value="metric-extended"/>
    </paper>
    <paper name="ISOB0">
      <description translate="value" value="B0 ISO"/>
      <comment value="1000mm x 1414mm"/>
      <width value="2834"/>
      <height value="4008"/>
      <unit value="metric-extended"/>
    </paper>
    <paper name="ISOB1">
      <description translate="value" value="B1 ISO"/>
      <comment value="707mm x 1000mm"/>
      <width value="2004"/>
      <height value="2834"/>
      <unit value="metric-extended"/>
    </paper>
    <paper name="ISOB2">
      <description translate="value" value="B2 ISO"/>
      <comment value="500mm x 707mm"/>
      <width value="1417"/>
      <height value="2004"/>
      <unit value="metric-extended"/>
    </paper>
    <paper name="ISOB3">
      <description translate="value" value="B3 ISO"/>
      <comment value="353mm x 500mm"/>
      <width value="1000"/>
      <height value="1417"/>
      <unit value="metric-extended"/>
    </paper>
    <paper name="ISOB4">
      <description translate="value" value="B4 ISO"/>
      <comment value="250mm x 353mm"/>
      <width value="708"/>
      <height value="1000"/>
      <unit value="metric-extended"/>
    </paper>
    <paper name="ISOB5">
      <description translate="value" value="B5 ISO"/>
      <comment value="176mm x 250mm"/>
      <width value="498"/>
      <height value="708"/>
      <unit value="metric-extended"/>
    </paper>
    <paper name="ISOB6">
      <description translate="value" value="B6 ISO"/>
      <comment value="125mm x 176mm"/>
      <width value="354"/>
      <height value="498"/>
      <unit value="metric-extended"/>
    </paper>
    <paper name="ISOB7">
      <description translate="value" value="B7 ISO"/>
      <comment value="88mm x 125mm"/>
      <width value="249"/>
      <height value="354"/>
      <unit value="metric-extended"/>
    </paper>
    <paper name="ISOB8">
      <description translate="value" value="B8 ISO"/>
      <comment value="62mm x 88mm"/>
      <width value="175"/>
      <height value="249"/>
      <unit value="metric-extended"/>
    </paper>
    <paper name="ISOB9">
      <description translate="value" value="B9 ISO"/>
      <comment value="44mm x 62mm"/>
      <width value="124"/>
      <height value="175"/>
      <unit value="metric-extended"/>
    </paper>
    <paper name="ISOB10">
      <description translate="value" value="B10 ISO"/>
      <comment value="31mm x 44mm"/>
      <width value="87"/>
      <height value="124"/>
      <unit value="metric-extended"/>
    </paper>
<!--
    JIS
-->
    <paper name="SuperB0">
      <description translate="value" value="Super B0 JIS"/>
      <width value="3167"/> <!-- Should be 3169, but Epson driver doesn't like that -->
      <height value="4478"/>
      <unit value="metric-extended"/>
    </paper>
    <paper name="B0">
      <description translate="value" value="B0 JIS"/>
      <width value="2919"/>
      <height value="4127"/>
      <unit value="metric-extended"/>
    </paper>
    <paper name="B1">
      <description translate="value" value="B1 JIS"/>
      <width value="2063"/>
      <height value="2919"/>
      <unit value="metric-extended"/>
    </paper>
    <paper name="B2">
      <description translate="value" value="B2 JIS"/>
      <width value="1459"/>
      <height value="2063"/>
      <unit value="metric-extended"/>
    </paper>
    <paper name="B3">
      <description translate="value" value="B3 JIS"/>
      <width value="1029"/>
      <height value="1459"/>
      <unit value="metric-extended"/>
    </paper>
    <paper name="B4">
      <description translate="value" value="B4 JIS"/>
      <width value="727"/>
      <height value="1029"/>
      <unit value="metric-extended"/>
    </paper>
    <paper name="B5">
      <description translate="value" value="B5 JIS"/>
      <width value="518"/>
      <height value="727"/>
      <unit value="metric-extended"/>
    </paper>
    <paper name="B6">
      <description translate="value" value="B6 JIS"/>
      <width value="362"/>
      <height value="518"/>
      <unit value="metric-extended"/>
    </paper>
    <paper name="B7">
      <description translate="value" value="B7 JIS"/>
      <width value="257"/>
      <height value="362"/>
      <unit value="metric-extended"/>
    </paper>
    <paper name="B8">
      <description translate="value" value="B8 JIS"/>
      <width value="180"/>
      <height value="257"/>
      <unit value="metric-extended"/>
    </paper>
    <paper name="B9">
      <description translate="value" value="B9 JIS"/>
      <width value="127"/>
      <height value="180"/>
      <unit value="metric-extended"/>
    </paper>
    <paper name="B10">
      <description translate="value" value="B10 JIS"/>
      <width value="90"/>
      <height value="127"/>
      <unit value="metric-extended"/>
    </paper>
<!-- GROUP: International C -->
<!--
    "C" series: Envelopes or folders suitable for A size stationery.
-->
    <paper name="C0">
      <description translate="value" value="C0"/>
      <comment value="917mm x 1297mm"/>
      <width value="2599"/>
      <height value="3676"/>
      <unit value="metric-extended"/>
      <type value="envelope"/>
    </paper>
    <paper name="C0_l">
      <description translate="value" value="C0 landscape"/>
      <comment value="917mm x 1297mm landscape"/>
      <width value="3676"/>
      <height value="2599"/>
      <unit value="metric-extended"/>
      <type value="envelope"/>
    </paper>
    <paper name="C1">
      <description translate="value" value="C1"/>
      <comment value="648mm x 917mm"/>
      <width value="1836"/>
      <height value="2599"/>
      <unit value="metric-extended"/>
      <type value="envelope"/>
    </paper>
    <paper name="C1_l">
      <description translate="value" value="C1 landscape"/>
      <comment value="648mm x 917mm landscape"/>
      <width value="2599"/>
      <height value="1836"/>
      <unit value="metric-extended"/>
      <type value="envelope"/>
    </paper>
    <paper name="C2">
      <description translate="value" value="C2"/>
      <comment value="458mm x 648mm"/>
      <width value="1298"/>
      <height value="1836"/>
      <unit value="metric-extended"/>
      <type value="envelope"/>
    </paper>
    <paper name="C2_l">
      <description translate="value" value="C2 landscape"/>
      <comment value="458mm x 648mm landscape"/>
      <width value="1836"/>
      <height value="1298"/>
      <unit value="metric-extended"/>
      <type value="envelope"/>
    </paper>
    <paper name="C3">
      <description translate="value" value="C3"/>
      <comment value="324mm x 458mm"/>
      <width value="918"/>
      <height value="1298"/>
      <unit value="metric-extended"/>
      <type value="envelope"/>
    </paper>
    <paper name="C3_l">
      <description translate="value" value="C3 landscape"/>
      <comment value="324mm x 458mm landscape"/>
      <width value="1298"/>
      <height value="918"/>
      <unit value="metric-extended"/>
      <type value="envelope"/>
    </paper>
    <paper name="C4">
      <description translate="value" value="C4"/>
      <comment value="229mm x 324mm"/>
      <width value="649"/>
      <height value="918"/>
      <unit value="metric-extended"/>
      <type value="envelope"/>
    </paper>
    <paper name="C4_l">
      <description translate="value" value="C4 landscape"/>
      <comment value="229mm x 324mm landscape"/>
      <width value="918"/>
      <height value="649"/>
      <unit value="metric-extended"/>
      <type value="envelope"/>
    </paper>
    <paper name="C5">
      <description translate="value" value="C5"/>
      <comment value="162mm x 229mm"/>
      <width value="459"/>
      <height value="649"/>
      <unit value="metric-extended"/>
      <type value="envelope"/>
    </paper>
    <paper name="C5_l">
      <description translate="value" value="C5 landscape"/>
      <comment value="162mm x 229mm landscape"/>
      <width value="649"/>
      <height value="459"/>
      <unit value="metric-extended"/>
      <type value="envelope"/>
    </paper>
    <paper name="w354h918">
      <description translate="value" value="B6-C4"/>
      <comment value="125mm x 324mm"/>
      <width value="354"/>
      <height value="918"/>
      <unit value="metric-extended"/>
      <type value="envelope"/>
    </paper>
    <paper name="w354h918_l">
      <description translate="value" value="B6-C4 landscape"/>
      <comment value="125mm x 324mm landscape"/>
      <width value="918"/>
      <height value="354"/>
      <unit value="metric-extended"/>
      <type value="envelope"/>
    </paper>
    <paper name="C6">
      <description translate="value" value="C6"/>
      <comment value="114mm x 162mm"/>
      <width value="323"/>
      <height value="459"/>
      <unit value="metric-extended"/>
      <type value="envelope"/>
    </paper>
    <paper name="C6_l">
      <description translate="value" value="C6 landscape"/>
      <comment value="114mm x 162mm landscape"/>
      <width value="459"/>
      <height value="323"/>
      <unit value="metric-extended"/>
      <type value="envelope"/>
    </paper>
    <paper name="DL">
      <description translate="value" value="DL"/>
      <comment value="110mm x 220mm"/>
      <width value="311"/>
      <height value="623"/>
      <unit value="metric-extended"/>
      <type value="envelope"/>
    </paper>
    <paper name="DL_l">
      <description translate="value" value="DL landscape"/>
      <comment value="110mm x 220mm landscape"/>
      <width value="623"/>
      <height value="311"/>
      <unit value="metric-extended"/>
      <type value="envelope"/>
    </paper>
    <paper name="w229h459">
      <description translate="value" value="C7-6"/>
      <comment value="81mm x 162mm"/>
      <width value="229"/>
      <height value="459"/>
      <unit value="metric-extended"/>
      <type value="envelope"/>
    </paper>
    <paper name="w229h459_l">
      <description translate="value" value="C7-6 landscape"/>
      <comment value="81mm x 162mm landscape"/>
      <width value="459"/>
      <height value="229"/>
      <unit value="metric-extended"/>
      <type value="envelope"/>
    </paper>
    <paper name="C7">
      <description translate="value" value="C7"/>
      <comment value="81mm x 114mm"/>
      <width value="229"/>
      <height value="323"/>
      <unit value="metric-extended"/>
      <type value="envelope"/>
    </paper>
    <paper name="C7_l">
      <description translate="value" value="C7 landscape"/>
      <comment value="81mm x 114mm landscape"/>
      <width value="323"/>
      <height value="229"/>
      <unit value="metric-extended"/>
      <type value="envelope"/>
    </paper>
    <paper name="C8">
      <description translate="value" value="C8"/>
      <comment value="57mm x 81mm"/>
      <width value="161"/>
      <height value="229"/>
      <unit value="metric-extended"/>
      <type value="envelope"/>
    </paper>
    <paper name="C8_l">
      <description translate="value" value="C8 landscape"/>
      <comment value="57mm x 81mm landscape"/>
      <width value="229"/>
      <height value="161"/>
      <unit value="metric-extended"/>
      <type value="envelope"/>
    </paper>
    <paper name="C9">
      <description translate="value" value="C9"/>
      <comment value="40mm x 57mm"/>
      <width value="113"/>
      <height value="161"/>
      <unit value="metric-extended"/>
      <type value="envelope"/>
    </paper>
    <paper name="C9_l">
      <description translate="value" value="C9 landscape"/>
      <comment value="40mm x 57mm landscape"/>
      <width value="161"/>
      <height value="113"/>
      <unit value="metric-extended"/>
      <type value="envelope"/>
    </paper>
    <paper name="C10">
      <description translate="value" value="C10"/>
      <comment value="28mm x 40mm"/>
      <width value="79"/>
      <height value="113"/>
      <unit value="metric-extended"/>
      <type value="envelope"/>
    </paper>
    <paper name="C10_l">
      <description translate="value" value="C10 landscape"/>
      <comment value="28mm x 40mm landscape"/>
      <width value="113"/>
      <height value="79"/>
      <unit value="metric-extended"/>
      <type value="envelope"/>
    </paper>
<!-- GROUP: US CAD -->
<!--
    US CAD standard paper sizes
-->
    <paper name="ARCHA">
      <description translate="value" value="ArchA"/>
      <comment value="9in x 12in"/>
      <width value="648"/>
      <height value="864"/>
      <unit value="english-extended"/>
    </paper>
    <paper name="ARCHA_trans">
      <description translate="value" value="ArchA transposed"/>
      <comment value="12in x 9in"/>
      <width value="864"/>
      <height value="648"/>
      <unit value="english-extended"/>
    </paper>
    <paper name="ARCHB">
      <description translate="value" value="ArchB"/>
      <comment value="12in x 18in"/>
      <width value="864"/>
      <height value="1296"/>
      <unit value="english-extended"/>
    </paper>
    <paper name="ARCHB_trans">
      <description translate="value" value="ArchB transposed"/>
      <comment value="18in x 12in"/>
      <width value="1296"/>
      <height value="864"/>
      <unit value="english-extended"/>
    </paper>
    <paper name="ARCHC">
      <description translate="value" value="ArchC"/>
      <comment value="18in x 24in"/>
      <width value="1296"/>
      <height value="1728"/>
      <unit value="english-extended"/>
    </paper>
    <paper name="ARCHC_trans">
      <description translate="value" value="ArchC transposed"/>
      <comment value="24in x 18in"/>
      <width value="1728"/>
      <height value="1296"/>
      <unit value="english-extended"/>
    </paper>
    <paper name="ARCHD">
      <description translate="value" value="ArchD"/>
      <comment value="24in x 36in"/>
      <width value="1728"/>
      <height value="2592"/>
      <unit value="english-extended"/>
    </paper>
    <paper name="ARCHD_trans">
      <description translate="value" value="ArchD transposed"/>
      <comment value="36in x 24in"/>
      <width value="2592"/>
      <height value="1728"/>
      <unit value="english-extended"/>
    </paper>
    <paper name="ARCHE">
      <description translate="value" value="ArchE"/>
      <comment value="36in x 48in"/>
      <width value="2592"/>
      <height value="3456"/>
      <unit value="english-extended"/>
    </paper>
    <paper name="ARCHE_trans">
      <description translate="value" value="ArchE transposed"/>
      <comment value="48in x 36in"/>
      <width value="3456"/>
      <height value="2592"/>
      <unit value="english-extended"/>
    </paper>
<!-- GROUP: Foolscap -->
    <paper name="w612h936">
      <description translate="value" value="American foolscap"/>
      <width value="612"/>
      <height value="936"/>
      <unit value="english-extended"/>
    </paper>
    <paper name="w648h936">
      <description translate="value" value="European foolscap"/>
      <width value="648"/>
      <height value="936"/>
      <unit value="english-extended"/>
    </paper>
<!-- GROUP: Book -->
<!--
    Sizes for book production
    The BPIF and the Publishers Association jointly recommend ten
    standard metric sizes for case-bound titles as follows:
-->
    <paper name="w535h697">
      <description translate="value" value="Crown Quarto"/>
      <comment value="189mm x 246mm"/>
      <width value="535"/>
      <height value="697"/>
      <unit value="metric-extended"/>
    </paper>
    <paper name="w569h731">
      <description translate="value" value="Large Crown Quarto"/>
      <comment value="201mm x 258mm"/>
      <width value="569"/>
      <height value="731"/>
      <unit value="metric-extended"/>
    </paper>
    <paper name="w620h782">
      <description translate="value" value="Demy Quarto"/>
      <comment value="219mm x 276mm"/>
      <width value="620"/>
      <height value="782"/>
      <unit value="metric-extended"/>
    </paper>
    <paper name="w671h884">
      <description translate="value" value="Royal Quarto"/>
      <comment value="237mm x 312mm"/>
      <width value="671"/>
      <height value="884"/>
      <unit value="metric-extended"/>
    </paper>
<!--
    <paper name="ISO A4">
      <description translate="value" value="ISO A4"/>
      <comment value="210mm x 297mm"/>
      <width value="595"/>
      <height value="841"/>
      <unit value="metric-extended"/>
    </paper>
-->
    <paper name="w348h527">
      <description translate="value" value="Crown Octavo"/>
      <comment value="123mm x 186mm"/>
      <width value="348"/>
      <height value="527"/>
      <unit value="metric-extended"/>
    </paper>
    <paper name="w365h561">
      <description translate="value" value="Large Crown Octavo"/>
      <comment value="129mm x 198mm"/>
      <width value="365"/>
      <height value="561"/>
      <unit value="metric-extended"/>
    </paper>
    <paper name="w391h612">
      <description translate="value" value="Demy Octavo"/>
      <comment value="138mm x 216mm"/>
      <width value="391"/>
      <height value="612"/>
      <unit value="metric-extended"/>
    </paper>
    <paper name="w442h663">
      <description translate="value" value="Royal Octavo"/>
      <comment value="156mm x 234mm"/>
      <width value="442"/>
      <height value="663"/>
      <unit value="metric-extended"/>
    </paper>
<!--
    <paper name="ISO A5">
      <description translate="value" value="ISO A5"/>
      <comment value="148mm x 210mm"/>
      <width value="419"/>
      <height value="595"/>
      <unit value="metric-extended"/>
    </paper>
-->
<!--
    Paperback sizes in common usage
-->
    <paper name="w314h504">
      <description translate="value" value="Small paperback"/>
      <comment value="111mm x 178mm"/>
      <width value="314"/>
      <height value="504"/>
      <unit value="metric-extended"/>
    </paper>
    <paper name="w314h513">
      <description translate="value" value="Penguin small paperback"/>
      <comment value="111mm x 181mm"/>
      <width value="314"/>
      <height value="513"/>
      <unit value="metric-extended"/>
    </paper>
    <paper name="cw365h561">
      <description translate="value" value="Penguin large paperback"/>
      <comment value="129mm x 198mm"/>
      <width value="365"/>
      <height value="561"/>
      <unit value="metric-extended"/>
    </paper>
<!-- Group: Miscellaneous -->
<!--
    Miscellaneous sizes
-->
    <paper name="w283h425">
      <description translate="value" value="10cm x 15cm"/>
      <comment value="100 x 150mm"/>
      <width value="283"/>
      <height value="425"/>
      <unit value="metric-extended"/>
    </paper>
    <paper name="w283h420">
      <description translate="value" value="Hagaki Card"/>
      <comment value="100mm x 148mm"/>
      <width value="283"/>
      <height value="420"/>
      <unit value="metric-extended"/>
    </paper>
    <paper name="w420h567">
      <description translate="value" value="Oufuku Card"/>
      <comment value="148mm x 200mm"/>
      <width value="420"/>
      <height value="567"/>
      <unit value="metric-extended"/>
    </paper>
    <paper name="w340h666">
      <description translate="value" value="Japanese long envelope #3"/>
      <width value="340"/>
      <height value="666"/>
      <unit value="metric-extended"/>
      <type value="envelope"/>
    </paper>
    <paper name="w340h666_l">
      <description translate="value" value="Japanese long envelope #3 landscape"/>
      <width value="666"/>
      <height value="340"/>
      <unit value="metric-extended"/>
      <type value="envelope"/>
    </paper>
    <paper name="w255h581">
      <description translate="value" value="Japanese long envelope #4"/>
      <width value="255"/>
      <height value="581"/>
      <unit value="metric-extended"/>
      <type value="envelope"/>
    </paper>
    <paper name="w255h581_l">
      <description translate="value" value="Japanese long envelope #4 landscape"/>
      <width value="581"/>
      <height value="255"/>
      <unit value="metric-extended"/>
      <type value="envelope"/>
    </paper>
    <paper name="w680h941">
      <description translate="value" value="Japanese Kaku envelope #4"/>
      <width value="680"/>
      <height value="941"/>
      <unit value="metric-extended"/>
      <type value="envelope"/>
    </paper>
    <paper name="w680h941_l">
      <description translate="value" value="Japanese Kaku envelope #4 landscape"/>
      <width value="941"/>
      <height value="680"/>
      <unit value="metric-extended"/>
      <type value="envelope"/>
    </paper>
    <paper name="COM10">
      <description translate="value" value="Commercial 10"/>
      <comment value="US Commercial 10 env"/>
      <width value="297"/>
      <height value="684"/>
      <unit value="english-extended"/>
      <type value="envelope"/>
    </paper>
    <paper name="COM10_l">
      <description translate="value" value="Commercial 10 landscape"/>
      <comment value="US Commercial 10 env landscape"/>
      <width value="684"/>
      <height value="297"/>
      <unit value="english-extended"/>
      <type value="envelope"/>
    </paper>
    <paper name="w315h414">
      <description translate="value" value="A2 Invitation"/>
      <comment value="US A2 invitation"/>
      <width value="315"/>
      <height value="414"/>
      <unit value="english-extended"/>
    </paper>
    <paper name="Monarch">
      <description translate="value" value="Monarch Envelope"/>
      <comment value="3.875in x 7.5in"/>
      <width value="279"/>
      <height value="540"/>
      <unit value="english-extended"/>
      <type value="envelope"/>
    </paper>
    <paper name="Monarch_l">
      <description translate="value" value="Monarch Envelope landscape"/>
      <comment value="3.875in x 7.5in landscape"/>
      <width value="540"/>
      <height value="279"/>
      <unit value="english-extended"/>
      <type value="envelope"/>
    </paper>
    <paper name="w288h387">
      <description translate="value" value="4x5 3/8"/>
      <width value="288"/>
      <height value="387"/>
      <unit value="english-extended"/>
    </paper>
    <paper name="w288h504">
      <description translate="value" value="4x7"/>
      <width value="288"/>
      <height value="504"/>
      <unit value="english-extended"/>
    </paper>
    <paper name="w253h337">
      <description translate="value" value="CP_L"/>
      <comment value="89mm x 119mm"/>
      <width value="253"/>
      <height value="337"/>
      <unit value="metric-extended"/>
    </paper>
    <paper name="w155h244">
      <description translate="value" value="Card"/>
      <comment value="54mm x 86mm"/>
      <width value="155"/>
      <height value="244"/>
      <unit value="metric-extended"/>
    </paper>
    <paper name="w283h566">
      <description translate="value" value="Wide Postcard"/>
      <comment value="100mm x 200mm"/>
      <width value="283"/>
      <height value="566"/>
      <unit value="english-extended"/>
    </paper>
    <paper name="w612h935">
      <description translate="value" value="Chilean Office"/>
      <comment value="215.9mm x 330mm"/>
      <width value="612"/>
      <height value="935"/>
      <unit value="english-extended"/>
    </paper>
    <paper name="w1224h1584">
      <description translate="value" value="Chilean Double Letter"/>
      <comment value="431.8mm x 558.8mm"/>
      <width value="1224"/>
      <height value="1584"/>
      <unit value="english-extended"/>
    </paper>
    <paper name="w1224h1871">
      <description translate="value" value="Chilean Double Office"/>
      <comment value="215.9mm x 660mm"/>
      <width value="1224"/>
      <height value="1871"/>
      <unit value="english-extended"/>
    </paper>
<!--
    Custom
-->
    <paper name="Custom">
      <description translate="value" value="Custom"/>
      <comment value="User-Defined Size"/>
      <width value="0"/>
      <height value="0"/>
      <unit value="english"/>
    </paper>
<!-- Group: Roll Papers -->
    <paper name="w252">
      <description translate="value" value="89 mm Roll Paper"/>
      <width value="252"/>
      <height value="0"/>
      <unit value="metric"/>
    </paper>
    <paper name="w288">
      <description translate="value" value="4 Inch Roll Paper"/>
      <width value="288"/>
      <height value="0"/>
      <unit value="english"/>
    </paper>
    <paper name="w360">
      <description translate="value" value="5 Inch Roll Paper"/>
      <width value="360"/>
      <height value="0"/>
      <unit value="english"/>
    </paper>
    <paper name="w595">
      <description translate="value" value="210 mm Roll Paper"/>
      <width value="595"/>
      <height value="0"/>
      <unit value="metric"/>
    </paper>
    <paper name="w936">
      <description translate="value" value="13 Inch Roll Paper"/>
      <width value="936"/>
      <height value="0"/>
      <unit value="english"/>
    </paper>
    <paper name="w1224">
      <description translate="value" value="17 Inch Roll Paper"/>
      <width value="1224"/>
      <height value="0"/>
      <unit value="english"/>
    </paper>
    <paper name="w1584">
      <description translate="value" value="22 Inch Roll Paper"/>
      <width value="1584"/>
      <height value="0"/>
      <unit value="english"/>
    </paper>
    <paper name="w1728">
      <description translate="value" value="24 Inch Roll Paper"/>
      <width value="1728"/>
      <height value="0"/>
      <unit value="english"/>
    </paper>
    <paper name="w2592">
      <description translate="value" value="36 Inch Roll Paper"/>
      <width value="2592"/>
      <height value="0"/>
      <unit value="english"/>
    </paper>
    <paper name="w3168">
      <description translate="value" value="44 Inch Roll Paper"/>
      <width value="3168"/>
      <height value="0"/>
      <unit value="english"/>
    </paper>
    <paper name="w4320">
      <description translate="value" value="60 Inch Roll Paper"/>
      <width value="4320"/>
      <height value="0"/>
      <unit value="english"/>
    </paper>
    <paper name="w4608">
      <description translate="value" value="64 Inch Roll Paper"/>
      <width value="4608"/>
      <height value="0"/>
      <unit value="english"/>
    </paper>
  </paperdef>
</gutenprint>
