<?xml version="1.0"?>

<gutenprint xmlns="http://gimp-print.sourceforge.net/xsd/gp.xsd-1.0"
xmlns:xsi="http://www.w3.org/2001/XMLSchema-instance"
xsi:schemaLocation="http://gimp-print.sourceforge.net/xsd/gp.xsd-1.0 gutenprint.xsd">
<copyright>
 *   Copyright 2008 Robert Krawitz (rlk@alum.mit.edu)
 *
 *   This program is free software; you can redistribute it and/or modify it
 *   under the terms of the GNU General Public License as published by the Free
 *   Software Foundation; either version 2 of the License, or (at your option)
 *   any later version.
 *
 *   This program is distributed in the hope that it will be useful, but
 *   WITHOUT ANY WARRANTY; without even the implied warranty of MERCHANTABILITY
 *   or FITNESS FOR A PARTICULAR PURPOSE.  See the GNU General Public License
 *   for more details.
 *
 *   You should have received a copy of the GNU General Public License
 *   along with this program; if not, write to the Free Software
 *   Foundation, Inc., 59 Temple Place - Suite 330, Boston, MA 02111-1307, USA.
</copyright>
<escp2:InputSlots name="cutter_roll_feed">

 <slot translate="text" name="Standard" text="Standard">
  <InitSequence>IR\002\000\000\001EX\006\000\000\000\000\000\005\000</InitSequence>
  <DeinitSequence>IR\002\000\000\000</DeinitSequence>
 </slot>

 <slot translate="text" name="RollCutPage" text="Roll Feed (cut each page)">
  <RollFeed><CutAll/></RollFeed>
  <InitSequence>IR\002\000\000\001EX\006\000\000\000\000\000\005\001</InitSequence>
  <DeinitSequence>IR\002\000\000\002</DeinitSequence>
 </slot>

 <slot translate="text" name="RollCutNone" text="Roll Feed (do not cut)">
  <RollFeed><DontEject/></RollFeed>
  <InitSequence>IR\002\000\000\001EX\006\000\000\000\000\000\005\001</InitSequence>
  <DeinitSequence>IR\002\000\000\002</DeinitSequence>
 </slot>
</escp2:InputSlots>
</gutenprint>
