<?xml version="1.0"?>

<gutenprint xmlns="http://gimp-print.sourceforge.net/xsd/gp.xsd-1.0"
xmlns:xsi="http://www.w3.org/2001/XMLSchema-instance"
xsi:schemaLocation="http://gimp-print.sourceforge.net/xsd/gp.xsd-1.0 gutenprint.xsd">
<copyright>
 *   Copyright 2008 Robert Krawitz (rlk@alum.mit.edu)
 *
 *   This program is free software; you can redistribute it and/or modify it
 *   under the terms of the GNU General Public License as published by the Free
 *   Software Foundation; either version 2 of the License, or (at your option)
 *   any later version.
 *
 *   This program is distributed in the hope that it will be useful, but
 *   WITHOUT ANY WARRANTY; without even the implied warranty of MERCHANTABILITY
 *   or FITNESS FOR A PARTICULAR PURPOSE.  See the GNU General Public License
 *   for more details.
 *
 *   You should have received a copy of the GNU General Public License
 *   along with this program; if not, write to the Free Software
 *   Foundation, Inc., 59 Temple Place - Suite 330, Boston, MA 02111-1307, USA.
</copyright>
<escp2:papers name="photo_gen3">
<feature name="FeedSequence"/>
<Curves>
 <namedParam name="hue_map">
  <curve wrap="wrap" type="linear" gamma="0" piecewise="false">
   <sequence count="48" lower-bound="-6" upper-bound="6">
	0	-0.01	-0.03	-0.06	-0.1	-0.15	-0.2	-0.25
	-0.28	-0.3	-0.34	-0.35	-0.35	-0.34	-0.33	-0.33
	-0.36	-0.4	-0.44	-0.48	-0.5	-0.45	-0.4	-0.3
	-0.12	-0.07	-0.04	-0.02	0	0	0	0
	0	0	0	0	-0.02	-0.04	-0.08	-0.13
	-0.18	-0.18	-0.19	-0.16	-0.13	-0.1	-0.07	-0.03
   </sequence>
  </curve>
 </namedParam>
 <namedParam name="lum_map">
  <curve wrap="wrap" type="linear" gamma="0" piecewise="false">
   <sequence count="48" lower-bound="0" upper-bound="4">
	0.66	0.67	0.69	0.73	0.77	0.83	0.87	0.89
	0.91	0.88	0.82	0.78	0.78	0.8	0.82	0.85
	0.87	0.9	0.94	0.97	1	1	1	1
	1	1	1	1	1	1	1	1
	1	1	0.99	0.98	0.96	0.94	0.92	0.88
	0.84	0.72	0.69	0.67	0.66	0.66	0.66	0.66
   </sequence>
  </curve>
 </namedParam>
 <namedParam name="sat_map">
  <curve wrap="wrap" type="linear" gamma="0" piecewise="false">
   <sequence count="48" lower-bound="0" upper-bound="4">
	1	1.05	1.15	1.25	1.35	1.45	1.5	1.5
	1.5	1.5	1.5	1.5	1.5	1.5	1.5	1.5
	1.5	1.4	1.3	1.2	1.1	1	1	1
	1	1	1	1	1	1	1	1
	1	1.1	1.3	1.55	1.8	1.95	2	2
	2	2	2	1.95	1.8	1.55	1.3	1.1
   </sequence>
  </curve>
 </namedParam>
</Curves>
<paper translate="text" name="Plain" text="Plain Paper" class="plain">
 <parameter type="integer" name="FeedSequence">1</parameter>

 <ink translate="text" name="None" text="EPSON Standard Inks">
  <parameter type="float" name="Density">0.615000</parameter>
  <parameter type="float" name="SubchannelCutoff">0.350000</parameter>
  <parameter type="float" name="BlackTrans">0.750000</parameter>
  <parameter type="float" name="GCRLower">0.150000</parameter>
  <parameter type="float" name="GCRUpper">0.900000</parameter>
  <parameter type="float" name="CyanBalance">1.000000</parameter>
  <parameter type="float" name="MagentaBalance">0.850000</parameter>
  <parameter type="float" name="YellowBalance">0.850000</parameter>
  <parameter type="float" name="BlackDensity">0.900000</parameter>
  <parameter type="float" name="Saturation">1.000000</parameter>
  <parameter type="float" name="Gamma">1.000000</parameter>
  <parameter type="curve" name="HueMap" ref="hue_map"/>
  <parameter type="curve" name="LumMap" ref="lum_map"/>
  <parameter type="curve" name="SatMap" ref="sat_map"/>
 </ink>

 <ink translate="text" name="quadtone" text="Quadtone">
  <parameter type="float" name="Density">0.615000</parameter>
  <parameter type="float" name="SubchannelCutoff">0.500000</parameter>
  <parameter type="float" name="BlackTrans">1.000000</parameter>
  <parameter type="float" name="GCRLower">0.075000</parameter>
  <parameter type="float" name="GCRUpper">0.900000</parameter>
  <parameter type="float" name="CyanBalance">1.000000</parameter>
  <parameter type="float" name="MagentaBalance">1.000000</parameter>
  <parameter type="float" name="YellowBalance">1.000000</parameter>
  <parameter type="float" name="BlackDensity">1.000000</parameter>
  <parameter type="float" name="Saturation">1.000000</parameter>
  <parameter type="float" name="Gamma">1.000000</parameter>
  <parameter type="curve" name="HueMap" ref="hue_map"/>
  <parameter type="curve" name="LumMap" ref="lum_map"/>
  <parameter type="curve" name="SatMap" ref="sat_map"/>
 </ink>
</paper>

<paper translate="text" name="PlainFast" text="Plain Paper Fast Load" class="plain">
 <parameter type="integer" name="FeedSequence">5</parameter>

 <ink translate="text" name="None" text="EPSON Standard Inks">
  <parameter type="float" name="Density">0.615000</parameter>
  <parameter type="float" name="SubchannelCutoff">0.350000</parameter>
  <parameter type="float" name="BlackTrans">0.750000</parameter>
  <parameter type="float" name="GCRLower">0.150000</parameter>
  <parameter type="float" name="GCRUpper">0.900000</parameter>
  <parameter type="float" name="CyanBalance">1.000000</parameter>
  <parameter type="float" name="MagentaBalance">0.850000</parameter>
  <parameter type="float" name="YellowBalance">0.850000</parameter>
  <parameter type="float" name="BlackDensity">0.900000</parameter>
  <parameter type="float" name="Saturation">1.000000</parameter>
  <parameter type="float" name="Gamma">1.000000</parameter>
  <parameter type="curve" name="HueMap" ref="hue_map"/>
  <parameter type="curve" name="LumMap" ref="lum_map"/>
  <parameter type="curve" name="SatMap" ref="sat_map"/>
 </ink>

 <ink translate="text" name="quadtone" text="Quadtone">
  <parameter type="float" name="Density">0.615000</parameter>
  <parameter type="float" name="SubchannelCutoff">0.500000</parameter>
  <parameter type="float" name="BlackTrans">1.000000</parameter>
  <parameter type="float" name="GCRLower">0.075000</parameter>
  <parameter type="float" name="GCRUpper">0.900000</parameter>
  <parameter type="float" name="CyanBalance">1.000000</parameter>
  <parameter type="float" name="MagentaBalance">1.000000</parameter>
  <parameter type="float" name="YellowBalance">1.000000</parameter>
  <parameter type="float" name="BlackDensity">1.000000</parameter>
  <parameter type="float" name="Saturation">1.000000</parameter>
  <parameter type="float" name="Gamma">1.000000</parameter>
  <parameter type="curve" name="HueMap" ref="hue_map"/>
  <parameter type="curve" name="LumMap" ref="lum_map"/>
  <parameter type="curve" name="SatMap" ref="sat_map"/>
 </ink>
</paper>

<paper translate="text" name="Postcard" text="Postcard" class="plain">
 <parameter type="integer" name="FeedSequence">2</parameter>

 <ink translate="text" name="None" text="EPSON Standard Inks">
  <parameter type="float" name="Density">0.692000</parameter>
  <parameter type="float" name="SubchannelCutoff">0.350000</parameter>
  <parameter type="float" name="BlackTrans">0.500000</parameter>
  <parameter type="float" name="GCRLower">0.200000</parameter>
  <parameter type="float" name="GCRUpper">0.900000</parameter>
  <parameter type="float" name="CyanBalance">1.000000</parameter>
  <parameter type="float" name="MagentaBalance">0.850000</parameter>
  <parameter type="float" name="YellowBalance">0.850000</parameter>
  <parameter type="float" name="BlackDensity">0.900000</parameter>
  <parameter type="float" name="Saturation">1.000000</parameter>
  <parameter type="float" name="Gamma">1.000000</parameter>
  <parameter type="curve" name="HueMap" ref="hue_map"/>
  <parameter type="curve" name="LumMap" ref="lum_map"/>
  <parameter type="curve" name="SatMap" ref="sat_map"/>
 </ink>

 <ink translate="text" name="quadtone" text="Quadtone">
  <parameter type="float" name="Density">0.830000</parameter>
  <parameter type="float" name="SubchannelCutoff">0.500000</parameter>
  <parameter type="float" name="BlackTrans">1.000000</parameter>
  <parameter type="float" name="GCRLower">0.075000</parameter>
  <parameter type="float" name="GCRUpper">0.900000</parameter>
  <parameter type="float" name="CyanBalance">1.000000</parameter>
  <parameter type="float" name="MagentaBalance">1.000000</parameter>
  <parameter type="float" name="YellowBalance">1.000000</parameter>
  <parameter type="float" name="BlackDensity">1.000000</parameter>
  <parameter type="float" name="Saturation">1.000000</parameter>
  <parameter type="float" name="Gamma">1.000000</parameter>
  <parameter type="curve" name="HueMap" ref="hue_map"/>
  <parameter type="curve" name="LumMap" ref="lum_map"/>
  <parameter type="curve" name="SatMap" ref="sat_map"/>
 </ink>
</paper>

<paper translate="text" name="GlossyFilm" text="Glossy Film" class="photo">
 <parameter type="integer" name="FeedSequence">3</parameter>

 <ink translate="text" name="None" text="EPSON Standard Inks">
  <parameter type="float" name="Density">0.833000</parameter>
  <parameter type="float" name="SubchannelCutoff">0.500000</parameter>
  <parameter type="float" name="BlackTrans">0.750000</parameter>
  <parameter type="float" name="GCRLower">0.200000</parameter>
  <parameter type="float" name="GCRUpper">0.999000</parameter>
  <parameter type="float" name="CyanBalance">1.000000</parameter>
  <parameter type="float" name="MagentaBalance">0.700000</parameter>
  <parameter type="float" name="YellowBalance">0.800000</parameter>
  <parameter type="float" name="BlackDensity">0.900000</parameter>
  <parameter type="float" name="Saturation">1.000000</parameter>
  <parameter type="float" name="Gamma">1.000000</parameter>
  <parameter type="curve" name="HueMap" ref="hue_map"/>
  <parameter type="curve" name="LumMap" ref="lum_map"/>
  <parameter type="curve" name="SatMap" ref="sat_map"/>
 </ink>

 <ink translate="text" name="quadtone" text="Quadtone">
  <parameter type="float" name="Density">1.000000</parameter>
  <parameter type="float" name="SubchannelCutoff">1.000000</parameter>
  <parameter type="float" name="BlackTrans">1.000000</parameter>
  <parameter type="float" name="GCRLower">0.150000</parameter>
  <parameter type="float" name="GCRUpper">0.999000</parameter>
  <parameter type="float" name="CyanBalance">1.000000</parameter>
  <parameter type="float" name="MagentaBalance">1.000000</parameter>
  <parameter type="float" name="YellowBalance">1.000000</parameter>
  <parameter type="float" name="BlackDensity">1.000000</parameter>
  <parameter type="float" name="Saturation">1.000000</parameter>
  <parameter type="float" name="Gamma">1.000000</parameter>
  <parameter type="curve" name="HueMap" ref="hue_map"/>
  <parameter type="curve" name="LumMap" ref="lum_map"/>
  <parameter type="curve" name="SatMap" ref="sat_map"/>
 </ink>
</paper>

<paper translate="text" name="Transparency" text="Transparencies" class="transparency">
 <parameter type="integer" name="FeedSequence">3</parameter>

 <ink translate="text" name="None" text="EPSON Standard Inks">
  <parameter type="float" name="Density">0.833000</parameter>
  <parameter type="float" name="SubchannelCutoff">0.350000</parameter>
  <parameter type="float" name="BlackTrans">0.750000</parameter>
  <parameter type="float" name="GCRLower">0.200000</parameter>
  <parameter type="float" name="GCRUpper">0.999000</parameter>
  <parameter type="float" name="CyanBalance">1.000000</parameter>
  <parameter type="float" name="MagentaBalance">0.590000</parameter>
  <parameter type="float" name="YellowBalance">0.700000</parameter>
  <parameter type="float" name="BlackDensity">0.900000</parameter>
  <parameter type="float" name="Saturation">1.000000</parameter>
  <parameter type="float" name="Gamma">1.000000</parameter>
  <parameter type="curve" name="HueMap" ref="hue_map"/>
  <parameter type="curve" name="LumMap" ref="lum_map"/>
  <parameter type="curve" name="SatMap" ref="sat_map"/>
 </ink>

 <ink translate="text" name="quadtone" text="Quadtone">
  <parameter type="float" name="Density">1.000000</parameter>
  <parameter type="float" name="SubchannelCutoff">0.750000</parameter>
  <parameter type="float" name="BlackTrans">1.000000</parameter>
  <parameter type="float" name="GCRLower">0.150000</parameter>
  <parameter type="float" name="GCRUpper">0.999000</parameter>
  <parameter type="float" name="CyanBalance">1.000000</parameter>
  <parameter type="float" name="MagentaBalance">1.000000</parameter>
  <parameter type="float" name="YellowBalance">1.000000</parameter>
  <parameter type="float" name="BlackDensity">1.000000</parameter>
  <parameter type="float" name="Saturation">1.000000</parameter>
  <parameter type="float" name="Gamma">1.000000</parameter>
  <parameter type="curve" name="HueMap" ref="hue_map"/>
  <parameter type="curve" name="LumMap" ref="lum_map"/>
  <parameter type="curve" name="SatMap" ref="sat_map"/>
 </ink>
</paper>

<paper translate="text" name="Envelope" text="Envelopes" class="plain">
 <parameter type="integer" name="FeedSequence">4</parameter>

 <ink translate="text" name="None" text="EPSON Standard Inks">
  <parameter type="float" name="Density">0.615000</parameter>
  <parameter type="float" name="SubchannelCutoff">0.350000</parameter>
  <parameter type="float" name="BlackTrans">0.750000</parameter>
  <parameter type="float" name="GCRLower">0.150000</parameter>
  <parameter type="float" name="GCRUpper">0.900000</parameter>
  <parameter type="float" name="CyanBalance">1.000000</parameter>
  <parameter type="float" name="MagentaBalance">0.850000</parameter>
  <parameter type="float" name="YellowBalance">0.850000</parameter>
  <parameter type="float" name="BlackDensity">0.900000</parameter>
  <parameter type="float" name="Saturation">1.000000</parameter>
  <parameter type="float" name="Gamma">1.000000</parameter>
  <parameter type="curve" name="HueMap" ref="hue_map"/>
  <parameter type="curve" name="LumMap" ref="lum_map"/>
  <parameter type="curve" name="SatMap" ref="sat_map"/>
 </ink>

 <ink translate="text" name="quadtone" text="Quadtone">
  <parameter type="float" name="Density">0.615000</parameter>
  <parameter type="float" name="SubchannelCutoff">0.500000</parameter>
  <parameter type="float" name="BlackTrans">1.000000</parameter>
  <parameter type="float" name="GCRLower">0.075000</parameter>
  <parameter type="float" name="GCRUpper">0.900000</parameter>
  <parameter type="float" name="CyanBalance">1.000000</parameter>
  <parameter type="float" name="MagentaBalance">1.000000</parameter>
  <parameter type="float" name="YellowBalance">1.000000</parameter>
  <parameter type="float" name="BlackDensity">1.000000</parameter>
  <parameter type="float" name="Saturation">1.000000</parameter>
  <parameter type="float" name="Gamma">1.000000</parameter>
  <parameter type="curve" name="HueMap" ref="hue_map"/>
  <parameter type="curve" name="LumMap" ref="lum_map"/>
  <parameter type="curve" name="SatMap" ref="sat_map"/>
 </ink>
</paper>

<paper translate="text" name="BackFilm" text="Back Light Film" class="transparency">
 <parameter type="integer" name="FeedSequence">6</parameter>

 <ink translate="text" name="None" text="EPSON Standard Inks">
  <parameter type="float" name="Density">0.833000</parameter>
  <parameter type="float" name="SubchannelCutoff">0.500000</parameter>
  <parameter type="float" name="BlackTrans">0.750000</parameter>
  <parameter type="float" name="GCRLower">0.200000</parameter>
  <parameter type="float" name="GCRUpper">0.999000</parameter>
  <parameter type="float" name="CyanBalance">1.000000</parameter>
  <parameter type="float" name="MagentaBalance">0.590000</parameter>
  <parameter type="float" name="YellowBalance">0.700000</parameter>
  <parameter type="float" name="BlackDensity">0.900000</parameter>
  <parameter type="float" name="Saturation">1.000000</parameter>
  <parameter type="float" name="Gamma">1.000000</parameter>
  <parameter type="curve" name="HueMap" ref="hue_map"/>
  <parameter type="curve" name="LumMap" ref="lum_map"/>
  <parameter type="curve" name="SatMap" ref="sat_map"/>
 </ink>

 <ink translate="text" name="quadtone" text="Quadtone">
  <parameter type="float" name="Density">1.000000</parameter>
  <parameter type="float" name="SubchannelCutoff">0.750000</parameter>
  <parameter type="float" name="BlackTrans">1.000000</parameter>
  <parameter type="float" name="GCRLower">0.150000</parameter>
  <parameter type="float" name="GCRUpper">0.999000</parameter>
  <parameter type="float" name="CyanBalance">1.000000</parameter>
  <parameter type="float" name="MagentaBalance">1.000000</parameter>
  <parameter type="float" name="YellowBalance">1.000000</parameter>
  <parameter type="float" name="BlackDensity">1.000000</parameter>
  <parameter type="float" name="Saturation">1.000000</parameter>
  <parameter type="float" name="Gamma">1.000000</parameter>
  <parameter type="curve" name="HueMap" ref="hue_map"/>
  <parameter type="curve" name="LumMap" ref="lum_map"/>
  <parameter type="curve" name="SatMap" ref="sat_map"/>
 </ink>
</paper>

<paper translate="text" name="Matte" text="Matte Paper" class="good">
 <parameter type="integer" name="FeedSequence">7</parameter>

 <ink translate="text" name="None" text="EPSON Standard Inks">
  <parameter type="float" name="Density">0.833000</parameter>
  <parameter type="float" name="SubchannelCutoff">0.350000</parameter>
  <parameter type="float" name="BlackTrans">0.500000</parameter>
  <parameter type="float" name="GCRLower">0.250000</parameter>
  <parameter type="float" name="GCRUpper">0.999000</parameter>
  <parameter type="float" name="CyanBalance">1.000000</parameter>
  <parameter type="float" name="MagentaBalance">0.670000</parameter>
  <parameter type="float" name="YellowBalance">0.720000</parameter>
  <parameter type="float" name="BlackDensity">0.900000</parameter>
  <parameter type="float" name="Saturation">1.000000</parameter>
  <parameter type="float" name="Gamma">1.000000</parameter>
  <parameter type="curve" name="HueMap" ref="hue_map"/>
  <parameter type="curve" name="LumMap" ref="lum_map"/>
  <parameter type="curve" name="SatMap" ref="sat_map"/>
 </ink>

 <ink translate="text" name="quadtone" text="Quadtone">
  <parameter type="float" name="Density">0.850000</parameter>
  <parameter type="float" name="SubchannelCutoff">0.800000</parameter>
  <parameter type="float" name="BlackTrans">1.000000</parameter>
  <parameter type="float" name="GCRLower">0.150000</parameter>
  <parameter type="float" name="GCRUpper">0.999000</parameter>
  <parameter type="float" name="CyanBalance">1.000000</parameter>
  <parameter type="float" name="MagentaBalance">1.000000</parameter>
  <parameter type="float" name="YellowBalance">1.000000</parameter>
  <parameter type="float" name="BlackDensity">1.000000</parameter>
  <parameter type="float" name="Saturation">1.000000</parameter>
  <parameter type="float" name="Gamma">1.000000</parameter>
  <parameter type="curve" name="HueMap" ref="hue_map"/>
  <parameter type="curve" name="LumMap" ref="lum_map"/>
  <parameter type="curve" name="SatMap" ref="sat_map"/>
 </ink>
</paper>

<paper translate="text" name="MatteHeavy" text="Matte Paper Heavyweight" class="good">
 <parameter type="integer" name="FeedSequence">7</parameter>

 <ink translate="text" name="None" text="EPSON Standard Inks">
  <parameter type="float" name="Density">0.833000</parameter>
  <parameter type="float" name="SubchannelCutoff">0.350000</parameter>
  <parameter type="float" name="BlackTrans">0.500000</parameter>
  <parameter type="float" name="GCRLower">0.250000</parameter>
  <parameter type="float" name="GCRUpper">0.999000</parameter>
  <parameter type="float" name="CyanBalance">1.000000</parameter>
  <parameter type="float" name="MagentaBalance">0.850000</parameter>
  <parameter type="float" name="YellowBalance">0.850000</parameter>
  <parameter type="float" name="BlackDensity">0.900000</parameter>
  <parameter type="float" name="Saturation">1.000000</parameter>
  <parameter type="float" name="Gamma">1.000000</parameter>
  <parameter type="curve" name="HueMap" ref="hue_map"/>
  <parameter type="curve" name="LumMap" ref="lum_map"/>
  <parameter type="curve" name="SatMap" ref="sat_map"/>
 </ink>

 <ink translate="text" name="quadtone" text="Quadtone">
  <parameter type="float" name="Density">1.000000</parameter>
  <parameter type="float" name="SubchannelCutoff">1.000000</parameter>
  <parameter type="float" name="BlackTrans">1.000000</parameter>
  <parameter type="float" name="GCRLower">0.150000</parameter>
  <parameter type="float" name="GCRUpper">0.999000</parameter>
  <parameter type="float" name="CyanBalance">1.000000</parameter>
  <parameter type="float" name="MagentaBalance">1.000000</parameter>
  <parameter type="float" name="YellowBalance">1.000000</parameter>
  <parameter type="float" name="BlackDensity">1.000000</parameter>
  <parameter type="float" name="Saturation">1.000000</parameter>
  <parameter type="float" name="Gamma">1.000000</parameter>
  <parameter type="curve" name="HueMap" ref="hue_map"/>
  <parameter type="curve" name="LumMap" ref="lum_map"/>
  <parameter type="curve" name="SatMap" ref="sat_map"/>
 </ink>
</paper>

<paper translate="text" name="Inkjet" text="Inkjet Paper" class="good">
 <parameter type="integer" name="FeedSequence">7</parameter>

 <ink translate="text" name="None" text="EPSON Standard Inks">
  <parameter type="float" name="Density">0.709000</parameter>
  <parameter type="float" name="SubchannelCutoff">0.500000</parameter>
  <parameter type="float" name="BlackTrans">0.750000</parameter>
  <parameter type="float" name="GCRLower">0.200000</parameter>
  <parameter type="float" name="GCRUpper">0.900000</parameter>
  <parameter type="float" name="CyanBalance">1.000000</parameter>
  <parameter type="float" name="MagentaBalance">0.850000</parameter>
  <parameter type="float" name="YellowBalance">0.850000</parameter>
  <parameter type="float" name="BlackDensity">0.900000</parameter>
  <parameter type="float" name="Saturation">1.000000</parameter>
  <parameter type="float" name="Gamma">1.000000</parameter>
  <parameter type="curve" name="HueMap" ref="hue_map"/>
  <parameter type="curve" name="LumMap" ref="lum_map"/>
  <parameter type="curve" name="SatMap" ref="sat_map"/>
 </ink>

 <ink translate="text" name="quadtone" text="Quadtone">
  <parameter type="float" name="Density">0.850000</parameter>
  <parameter type="float" name="SubchannelCutoff">0.500000</parameter>
  <parameter type="float" name="BlackTrans">1.000000</parameter>
  <parameter type="float" name="GCRLower">0.100000</parameter>
  <parameter type="float" name="GCRUpper">0.900000</parameter>
  <parameter type="float" name="CyanBalance">1.000000</parameter>
  <parameter type="float" name="MagentaBalance">1.000000</parameter>
  <parameter type="float" name="YellowBalance">1.000000</parameter>
  <parameter type="float" name="BlackDensity">1.000000</parameter>
  <parameter type="float" name="Saturation">1.000000</parameter>
  <parameter type="float" name="Gamma">1.000000</parameter>
  <parameter type="curve" name="HueMap" ref="hue_map"/>
  <parameter type="curve" name="LumMap" ref="lum_map"/>
  <parameter type="curve" name="SatMap" ref="sat_map"/>
 </ink>
</paper>

<paper translate="text" name="Coated" text="Photo Quality Inkjet Paper" class="good">
 <parameter type="integer" name="FeedSequence">7</parameter>

 <ink translate="text" name="None" text="EPSON Standard Inks">
  <parameter type="float" name="Density">0.833000</parameter>
  <parameter type="float" name="SubchannelCutoff">0.450000</parameter>
  <parameter type="float" name="BlackTrans">0.500000</parameter>
  <parameter type="float" name="GCRLower">0.250000</parameter>
  <parameter type="float" name="GCRUpper">0.999000</parameter>
  <parameter type="float" name="CyanBalance">1.000000</parameter>
  <parameter type="float" name="MagentaBalance">0.760000</parameter>
  <parameter type="float" name="YellowBalance">0.840000</parameter>
  <parameter type="float" name="BlackDensity">0.660000</parameter>
  <parameter type="float" name="Saturation">1.000000</parameter>
  <parameter type="float" name="Gamma">1.000000</parameter>
  <parameter type="curve" name="HueMap" ref="hue_map"/>
  <parameter type="curve" name="LumMap" ref="lum_map"/>
  <parameter type="curve" name="SatMap" ref="sat_map"/>
 </ink>

 <ink translate="text" name="quadtone" text="Quadtone">
  <parameter type="float" name="Density">1.100000</parameter>
  <parameter type="float" name="SubchannelCutoff">1.000000</parameter>
  <parameter type="float" name="BlackTrans">1.000000</parameter>
  <parameter type="float" name="GCRLower">0.150000</parameter>
  <parameter type="float" name="GCRUpper">0.999000</parameter>
  <parameter type="float" name="CyanBalance">1.000000</parameter>
  <parameter type="float" name="MagentaBalance">1.000000</parameter>
  <parameter type="float" name="YellowBalance">1.000000</parameter>
  <parameter type="float" name="BlackDensity">1.000000</parameter>
  <parameter type="float" name="Saturation">1.000000</parameter>
  <parameter type="float" name="Gamma">1.000000</parameter>
  <parameter type="curve" name="HueMap" ref="hue_map"/>
  <parameter type="curve" name="LumMap" ref="lum_map"/>
  <parameter type="curve" name="SatMap" ref="sat_map"/>
 </ink>
</paper>

<paper translate="text" name="Photo" text="Photo Paper" class="photo">
 <parameter type="integer" name="FeedSequence">8</parameter>

 <ink translate="text" name="None" text="EPSON Standard Inks">
  <parameter type="float" name="Density">0.833000</parameter>
  <parameter type="float" name="SubchannelCutoff">0.500000</parameter>
  <parameter type="float" name="BlackTrans">0.500000</parameter>
  <parameter type="float" name="GCRLower">0.250000</parameter>
  <parameter type="float" name="GCRUpper">0.999000</parameter>
  <parameter type="float" name="CyanBalance">1.000000</parameter>
  <parameter type="float" name="MagentaBalance">0.590000</parameter>
  <parameter type="float" name="YellowBalance">0.700000</parameter>
  <parameter type="float" name="BlackDensity">0.900000</parameter>
  <parameter type="float" name="Saturation">1.000000</parameter>
  <parameter type="float" name="Gamma">1.000000</parameter>
  <parameter type="curve" name="HueMap" ref="hue_map"/>
  <parameter type="curve" name="LumMap" ref="lum_map"/>
  <parameter type="curve" name="SatMap" ref="sat_map"/>
 </ink>

 <ink translate="text" name="quadtone" text="Quadtone">
  <parameter type="float" name="Density">1.000000</parameter>
  <parameter type="float" name="SubchannelCutoff">1.000000</parameter>
  <parameter type="float" name="BlackTrans">1.000000</parameter>
  <parameter type="float" name="GCRLower">0.150000</parameter>
  <parameter type="float" name="GCRUpper">0.999000</parameter>
  <parameter type="float" name="CyanBalance">1.000000</parameter>
  <parameter type="float" name="MagentaBalance">1.000000</parameter>
  <parameter type="float" name="YellowBalance">1.000000</parameter>
  <parameter type="float" name="BlackDensity">1.000000</parameter>
  <parameter type="float" name="Saturation">1.000000</parameter>
  <parameter type="float" name="Gamma">1.000000</parameter>
  <parameter type="curve" name="HueMap" ref="hue_map"/>
  <parameter type="curve" name="LumMap" ref="lum_map"/>
  <parameter type="curve" name="SatMap" ref="sat_map"/>
 </ink>
</paper>

<paper translate="text" name="GlossyPhoto" text="Premium Glossy Photo Paper"
class="premium">
 <parameter type="integer" name="FeedSequence">8</parameter>

 <ink translate="text" name="None" text="EPSON Standard Inks">
  <parameter type="float" name="Density">0.750000</parameter>
  <parameter type="float" name="SubchannelCutoff">0.500000</parameter>
  <parameter type="float" name="BlackTrans">0.300000</parameter>
  <parameter type="float" name="GCRLower">0.250000</parameter>
  <parameter type="float" name="GCRUpper">1.050000</parameter>
  <parameter type="float" name="CyanBalance">1.000000</parameter>
  <parameter type="float" name="MagentaBalance">0.850000</parameter>
  <parameter type="float" name="YellowBalance">0.850000</parameter>
  <parameter type="float" name="BlackDensity">0.660000</parameter>
  <parameter type="float" name="Saturation">1.000000</parameter>
  <parameter type="float" name="Gamma">0.920000</parameter>
  <parameter type="curve" name="HueMap" ref="hue_map"/>
  <parameter type="curve" name="LumMap" ref="lum_map"/>
  <parameter type="curve" name="SatMap" ref="sat_map"/>
 </ink>

 <ink translate="text" name="quadtone" text="Quadtone">
  <parameter type="float" name="Density">1.100000</parameter>
  <parameter type="float" name="SubchannelCutoff">1.000000</parameter>
  <parameter type="float" name="BlackTrans">1.000000</parameter>
  <parameter type="float" name="GCRLower">0.150000</parameter>
  <parameter type="float" name="GCRUpper">0.999000</parameter>
  <parameter type="float" name="CyanBalance">1.000000</parameter>
  <parameter type="float" name="MagentaBalance">1.000000</parameter>
  <parameter type="float" name="YellowBalance">1.000000</parameter>
  <parameter type="float" name="BlackDensity">1.000000</parameter>
  <parameter type="float" name="Saturation">1.000000</parameter>
  <parameter type="float" name="Gamma">1.000000</parameter>
  <parameter type="curve" name="HueMap" ref="hue_map"/>
  <parameter type="curve" name="LumMap" ref="lum_map"/>
  <parameter type="curve" name="SatMap" ref="sat_map"/>
 </ink>
</paper>

<paper translate="text" name="Semigloss" text="Premium Semigloss Photo Paper"
class="premium">
 <parameter type="integer" name="FeedSequence">8</parameter>

 <ink translate="text" name="None" text="EPSON Standard Inks">
  <parameter type="float" name="Density">0.750000</parameter>
  <parameter type="float" name="SubchannelCutoff">0.500000</parameter>
  <parameter type="float" name="BlackTrans">0.300000</parameter>
  <parameter type="float" name="GCRLower">0.250000</parameter>
  <parameter type="float" name="GCRUpper">0.999000</parameter>
  <parameter type="float" name="CyanBalance">1.000000</parameter>
  <parameter type="float" name="MagentaBalance">0.850000</parameter>
  <parameter type="float" name="YellowBalance">0.850000</parameter>
  <parameter type="float" name="BlackDensity">0.660000</parameter>
  <parameter type="float" name="Saturation">1.000000</parameter>
  <parameter type="float" name="Gamma">0.920000</parameter>
  <parameter type="curve" name="HueMap" ref="hue_map"/>
  <parameter type="curve" name="LumMap" ref="lum_map"/>
  <parameter type="curve" name="SatMap" ref="sat_map"/>
 </ink>

 <ink translate="text" name="quadtone" text="Quadtone">
  <parameter type="float" name="Density">1.000000</parameter>
  <parameter type="float" name="SubchannelCutoff">1.000000</parameter>
  <parameter type="float" name="BlackTrans">1.000000</parameter>
  <parameter type="float" name="GCRLower">0.150000</parameter>
  <parameter type="float" name="GCRUpper">0.999000</parameter>
  <parameter type="float" name="CyanBalance">1.000000</parameter>
  <parameter type="float" name="MagentaBalance">1.000000</parameter>
  <parameter type="float" name="YellowBalance">1.000000</parameter>
  <parameter type="float" name="BlackDensity">1.000000</parameter>
  <parameter type="float" name="Saturation">1.000000</parameter>
  <parameter type="float" name="Gamma">1.000000</parameter>
  <parameter type="curve" name="HueMap" ref="hue_map"/>
  <parameter type="curve" name="LumMap" ref="lum_map"/>
  <parameter type="curve" name="SatMap" ref="sat_map"/>
 </ink>
</paper>

<paper translate="text" name="Luster" text="Premium Luster Photo Paper" class="premium">
 <parameter type="integer" name="FeedSequence">8</parameter>

 <ink translate="text" name="None" text="EPSON Standard Inks">
  <parameter type="float" name="Density">0.750000</parameter>
  <parameter type="float" name="SubchannelCutoff">0.500000</parameter>
  <parameter type="float" name="BlackTrans">0.300000</parameter>
  <parameter type="float" name="GCRLower">0.250000</parameter>
  <parameter type="float" name="GCRUpper">0.999000</parameter>
  <parameter type="float" name="CyanBalance">1.000000</parameter>
  <parameter type="float" name="MagentaBalance">0.850000</parameter>
  <parameter type="float" name="YellowBalance">0.850000</parameter>
  <parameter type="float" name="BlackDensity">0.660000</parameter>
  <parameter type="float" name="Saturation">1.000000</parameter>
  <parameter type="float" name="Gamma">0.920000</parameter>
  <parameter type="curve" name="HueMap" ref="hue_map"/>
  <parameter type="curve" name="LumMap" ref="lum_map"/>
  <parameter type="curve" name="SatMap" ref="sat_map"/>
 </ink>

 <ink translate="text" name="quadtone" text="Quadtone">
  <parameter type="float" name="Density">1.000000</parameter>
  <parameter type="float" name="SubchannelCutoff">1.000000</parameter>
  <parameter type="float" name="BlackTrans">1.000000</parameter>
  <parameter type="float" name="GCRLower">0.150000</parameter>
  <parameter type="float" name="GCRUpper">0.999000</parameter>
  <parameter type="float" name="CyanBalance">1.000000</parameter>
  <parameter type="float" name="MagentaBalance">1.000000</parameter>
  <parameter type="float" name="YellowBalance">1.000000</parameter>
  <parameter type="float" name="BlackDensity">1.000000</parameter>
  <parameter type="float" name="Saturation">1.000000</parameter>
  <parameter type="float" name="Gamma">1.000000</parameter>
  <parameter type="curve" name="HueMap" ref="hue_map"/>
  <parameter type="curve" name="LumMap" ref="lum_map"/>
  <parameter type="curve" name="SatMap" ref="sat_map"/>
 </ink>
</paper>

<paper translate="text" name="GlossyPaper" text="Photo Quality Glossy Paper"
class="premium">
 <parameter type="integer" name="FeedSequence">6</parameter>

 <ink translate="text" name="None" text="EPSON Standard Inks">
  <parameter type="float" name="Density">0.833000</parameter>
  <parameter type="float" name="SubchannelCutoff">0.500000</parameter>
  <parameter type="float" name="BlackTrans">0.750000</parameter>
  <parameter type="float" name="GCRLower">0.200000</parameter>
  <parameter type="float" name="GCRUpper">0.999000</parameter>
  <parameter type="float" name="CyanBalance">1.000000</parameter>
  <parameter type="float" name="MagentaBalance">0.590000</parameter>
  <parameter type="float" name="YellowBalance">0.700000</parameter>
  <parameter type="float" name="BlackDensity">0.900000</parameter>
  <parameter type="float" name="Saturation">1.000000</parameter>
  <parameter type="float" name="Gamma">1.000000</parameter>
  <parameter type="curve" name="HueMap" ref="hue_map"/>
  <parameter type="curve" name="LumMap" ref="lum_map"/>
  <parameter type="curve" name="SatMap" ref="sat_map"/>
 </ink>

 <ink translate="text" name="quadtone" text="Quadtone">
  <parameter type="float" name="Density">1.000000</parameter>
  <parameter type="float" name="SubchannelCutoff">1.000000</parameter>
  <parameter type="float" name="BlackTrans">1.000000</parameter>
  <parameter type="float" name="GCRLower">0.150000</parameter>
  <parameter type="float" name="GCRUpper">0.999000</parameter>
  <parameter type="float" name="CyanBalance">1.000000</parameter>
  <parameter type="float" name="MagentaBalance">1.000000</parameter>
  <parameter type="float" name="YellowBalance">1.000000</parameter>
  <parameter type="float" name="BlackDensity">1.000000</parameter>
  <parameter type="float" name="Saturation">1.000000</parameter>
  <parameter type="float" name="Gamma">1.000000</parameter>
  <parameter type="curve" name="HueMap" ref="hue_map"/>
  <parameter type="curve" name="LumMap" ref="lum_map"/>
  <parameter type="curve" name="SatMap" ref="sat_map"/>
 </ink>
</paper>

<paper translate="text" name="Ilford" text="Ilford Heavy Paper" class="premium">
 <parameter type="integer" name="FeedSequence">8</parameter>

 <ink translate="text" name="None" text="EPSON Standard Inks">
  <parameter type="float" name="Density">0.833000</parameter>
  <parameter type="float" name="SubchannelCutoff">0.500000</parameter>
  <parameter type="float" name="BlackTrans">0.750000</parameter>
  <parameter type="float" name="GCRLower">0.200000</parameter>
  <parameter type="float" name="GCRUpper">0.999000</parameter>
  <parameter type="float" name="CyanBalance">1.000000</parameter>
  <parameter type="float" name="MagentaBalance">0.590000</parameter>
  <parameter type="float" name="YellowBalance">0.700000</parameter>
  <parameter type="float" name="BlackDensity">0.900000</parameter>
  <parameter type="float" name="Saturation">1.000000</parameter>
  <parameter type="float" name="Gamma">1.000000</parameter>
  <parameter type="curve" name="HueMap" ref="hue_map"/>
  <parameter type="curve" name="LumMap" ref="lum_map"/>
  <parameter type="curve" name="SatMap" ref="sat_map"/>
 </ink>

 <ink translate="text" name="quadtone" text="Quadtone">
  <parameter type="float" name="Density">1.000000</parameter>
  <parameter type="float" name="SubchannelCutoff">1.000000</parameter>
  <parameter type="float" name="BlackTrans">1.000000</parameter>
  <parameter type="float" name="GCRLower">0.150000</parameter>
  <parameter type="float" name="GCRUpper">1.350000</parameter>
  <parameter type="float" name="CyanBalance">1.000000</parameter>
  <parameter type="float" name="MagentaBalance">1.000000</parameter>
  <parameter type="float" name="YellowBalance">1.000000</parameter>
  <parameter type="float" name="BlackDensity">1.000000</parameter>
  <parameter type="float" name="Saturation">1.000000</parameter>
  <parameter type="float" name="Gamma">1.000000</parameter>
  <parameter type="curve" name="HueMap" ref="hue_map"/>
  <parameter type="curve" name="LumMap" ref="lum_map"/>
  <parameter type="curve" name="SatMap" ref="sat_map"/>
 </ink>
</paper>

<paper translate="text" name="ColorLife" text="ColorLife Paper" class="premium">
 <parameter type="integer" name="FeedSequence">8</parameter>

 <ink translate="text" name="None" text="EPSON Standard Inks">
  <parameter type="float" name="Density">0.833000</parameter>
  <parameter type="float" name="SubchannelCutoff">0.500000</parameter>
  <parameter type="float" name="BlackTrans">0.750000</parameter>
  <parameter type="float" name="GCRLower">0.200000</parameter>
  <parameter type="float" name="GCRUpper">0.900000</parameter>
  <parameter type="float" name="CyanBalance">1.000000</parameter>
  <parameter type="float" name="MagentaBalance">0.590000</parameter>
  <parameter type="float" name="YellowBalance">0.700000</parameter>
  <parameter type="float" name="BlackDensity">0.900000</parameter>
  <parameter type="float" name="Saturation">1.000000</parameter>
  <parameter type="float" name="Gamma">1.000000</parameter>
  <parameter type="curve" name="HueMap" ref="hue_map"/>
  <parameter type="curve" name="LumMap" ref="lum_map"/>
  <parameter type="curve" name="SatMap" ref="sat_map"/>
 </ink>

 <ink translate="text" name="quadtone" text="Quadtone">
  <parameter type="float" name="Density">1.000000</parameter>
  <parameter type="float" name="SubchannelCutoff">1.000000</parameter>
  <parameter type="float" name="BlackTrans">1.000000</parameter>
  <parameter type="float" name="GCRLower">0.150000</parameter>
  <parameter type="float" name="GCRUpper">0.900000</parameter>
  <parameter type="float" name="CyanBalance">1.000000</parameter>
  <parameter type="float" name="MagentaBalance">1.000000</parameter>
  <parameter type="float" name="YellowBalance">1.000000</parameter>
  <parameter type="float" name="BlackDensity">1.000000</parameter>
  <parameter type="float" name="Saturation">1.000000</parameter>
  <parameter type="float" name="Gamma">1.000000</parameter>
  <parameter type="curve" name="HueMap" ref="hue_map"/>
  <parameter type="curve" name="LumMap" ref="lum_map"/>
  <parameter type="curve" name="SatMap" ref="sat_map"/>
 </ink>
</paper>

<paper translate="text" name="Other" text="Other" class="plain">
 <parameter type="integer" name="FeedSequence">0</parameter>

 <ink translate="text" name="None" text="EPSON Standard Inks">
  <parameter type="float" name="Density">0.615000</parameter>
  <parameter type="float" name="SubchannelCutoff">0.350000</parameter>
  <parameter type="float" name="BlackTrans">0.500000</parameter>
  <parameter type="float" name="GCRLower">0.500000</parameter>
  <parameter type="float" name="GCRUpper">0.900000</parameter>
  <parameter type="float" name="CyanBalance">1.000000</parameter>
  <parameter type="float" name="MagentaBalance">0.850000</parameter>
  <parameter type="float" name="YellowBalance">0.850000</parameter>
  <parameter type="float" name="BlackDensity">0.900000</parameter>
  <parameter type="float" name="Saturation">1.000000</parameter>
  <parameter type="float" name="Gamma">1.000000</parameter>
  <parameter type="curve" name="HueMap" ref="hue_map"/>
  <parameter type="curve" name="LumMap" ref="lum_map"/>
  <parameter type="curve" name="SatMap" ref="sat_map"/>
 </ink>

 <ink translate="text" name="quadtone" text="Quadtone">
  <parameter type="float" name="Density">0.615000</parameter>
  <parameter type="float" name="SubchannelCutoff">0.500000</parameter>
  <parameter type="float" name="BlackTrans">1.000000</parameter>
  <parameter type="float" name="GCRLower">0.075000</parameter>
  <parameter type="float" name="GCRUpper">0.900000</parameter>
  <parameter type="float" name="CyanBalance">1.000000</parameter>
  <parameter type="float" name="MagentaBalance">1.000000</parameter>
  <parameter type="float" name="YellowBalance">1.000000</parameter>
  <parameter type="float" name="BlackDensity">1.000000</parameter>
  <parameter type="float" name="Saturation">1.000000</parameter>
  <parameter type="float" name="Gamma">1.000000</parameter>
  <parameter type="curve" name="HueMap" ref="hue_map"/>
  <parameter type="curve" name="LumMap" ref="lum_map"/>
  <parameter type="curve" name="SatMap" ref="sat_map"/>
 </ink>
</paper>
</escp2:papers>
</gutenprint>
