<?xml version="1.0"?>

<gutenprint xmlns="http://gimp-print.sourceforge.net/xsd/gp.xsd-1.0"
xmlns:xsi="http://www.w3.org/2001/XMLSchema-instance"
xsi:schemaLocation="http://gimp-print.sourceforge.net/xsd/gp.xsd-1.0 gutenprint.xsd">
<copyright>
 *   Copyright 2008 Robert Krawitz (rlk@alum.mit.edu)
 *
 *   This program is free software; you can redistribute it and/or modify it
 *   under the terms of the GNU General Public License as published by the Free
 *   Software Foundation; either version 2 of the License, or (at your option)
 *   any later version.
 *
 *   This program is distributed in the hope that it will be useful, but
 *   WITHOUT ANY WARRANTY; without even the implied warranty of MERCHANTABILITY
 *   or FITNESS FOR A PARTICULAR PURPOSE.  See the GNU General Public License
 *   for more details.
 *
 *   You should have received a copy of the GNU General Public License
 *   along with this program; if not, write to the Free Software
 *   Foundation, Inc., 59 Temple Place - Suite 330, Boston, MA 02111-1307, USA.
</copyright>
<escp2:InkGroup name="cmykro">
<Curves>
 <curve name="cmykroCyan" wrap="wrap" type="linear" gamma="0" piecewise="false">
  <sequence count="48" lower-bound="0" upper-bound="4">
	1	1	1	1	1	1	1	1
	1	0.95	0.89	0.83	0.75	0.6	0.4	0.2
	0	0	0	0	0	0	0	0
	0	0	0	0	0	0	0	0
	0	0.2	0.4	0.6	0.75	0.83	0.89	0.95
	1	1	1	1	1	1	1	1
  </sequence>
 </curve>
 <curve name="cmykroMagenta" wrap="wrap" type="linear" gamma="0" piecewise="false">
  <sequence count="48" lower-bound="0" upper-bound="4">
	0	0.2	0.4	0.6	0.75	0.83	0.89	0.95
	1	1	1	1	1	1	1	1
	1	1	0.85	0.7	0.6	0.5	0.4	0.3
	0.2	0.1	0.05	0	0	0	0	0
	0	0	0	0	0	0	0	0
	0	0	0	0	0	0	0	0
  </sequence>
 </curve>
 <curve name="cmykroYellow" wrap="wrap" type="linear" gamma="0" piecewise="false">
  <sequence count="48" lower-bound="0" upper-bound="4">
	0	0	0	0	0	0	0	0
	0	0	0	0	0	0	0	0
	0	0	0	0	0	0	0	0
	0	0.05	0.1	0.15	0.3	0.45	0.6	0.8
	1	1	1	1	1	1	1	1
	1	0.95	0.89	0.83	0.75	0.6	0.4	0.2
  </sequence>
 </curve>
 <curve name="cmykroRed" wrap="wrap" type="linear" gamma="0" piecewise="false">
  <sequence count="48" lower-bound="0" upper-bound="4">
	0	0	0	0	0	0	0	0
	0	0	0	0	0	0	0	0
	0	0.2	0.4	0.6	0.8	1	1	1
	1	0.875	0.75	0.625	0.5	0.375	0.23	0.1
	0	0	0	0	0	0	0	0
	0	0	0	0	0	0	0	0
  </sequence>
 </curve>
 <curve name="cmykroOrange" wrap="wrap" type="linear" gamma="0" piecewise="false">
  <sequence count="48" lower-bound="0" upper-bound="4">
	0	0	0	0	0	0	0	0
	0	0	0	0	0	0	0	0
	0	0	0	0	0	0	0	0
	0	0.25	0.4	0.5	0.5	0.5	0.4	0.15
	0	0	0	0	0	0	0	0
	0	0	0	0	0	0	0	0
  </sequence>
 </curve>
</Curves>
<InkList translate="text" name="cmykrophoto" text="Photo Black">
 <Shades>
  <shade count="1">1.000000</shade>
  <shade count="1">1.000000</shade>
  <shade count="1">1.000000</shade>
  <shade count="1">1.000000</shade>
  <shade count="1">1.000000</shade>
  <shade count="1">1.000000</shade>
  <shade count="1">1.000000</shade>
  <shade count="1">1.000000</shade>
 </Shades>

 <InkName translate="text" name="CMYKROG" text="Six Color Photo" InkID="OTHER">
  <Channels>
   <channel name="f360_photo_black" index="0">
    <subchannel color="0" subchannel="4">
     <ChannelDensityParam name="BlackDensity"/>
    </subchannel>
   </channel>
   <channel name="r1900_cyan" index="1">
    <HueCurveParam name="CyanHueCurve"/>
    <HueCurve ref="cmykroCyan"/>
    <subchannel color="2">
     <ChannelDensityParam name="CyanDensity"/>
    </subchannel>
   </channel>
   <channel name="r1900_magenta" index="2">
    <HueCurveParam name="MagentaHueCurve"/>
    <HueCurve ref="cmykroMagenta"/>
    <subchannel color="1">
     <ChannelDensityParam name="MagentaDensity"/>
    </subchannel>
   </channel>
   <channel name="r1900_yellow" index="3">
    <HueCurveParam name="YellowHueCurve"/>
    <HueCurve ref="cmykroYellow"/>
    <subchannel color="4">
     <ChannelDensityParam name="YellowDensity"/>
    </subchannel>
   </channel>
   <channel name="r1900_red" index="4">
    <HueCurveParam name="RedHueCurve"/>
    <HueCurve ref="cmykroRed"/>
    <subchannel color="7">
     <ChannelDensityParam name="RedDensity"/>
    </subchannel>
   </channel>
   <channel name="r1900_orange" index="5">
    <HueCurveParam name="OrangeHueCurve"/>
    <HueCurve ref="cmykroOrange"/>
    <subchannel color="10">
     <ChannelDensityParam name="OrangeDensity"/>
    </subchannel>
   </channel>
  </Channels>
  <AuxChannels>
   <channel name="standard_gloss" index="0">
    <subchannel color="9">
     <ChannelDensityParam name="GlossDensity"/>
    </subchannel>
   </channel>
  </AuxChannels>
 </InkName>

 <InkName translate="text" name="CMYROG" text="Five Color Photo Composite" InkID="OTHER">
  <Channels>
   <channel name="r1900_cyan" index="1">
    <HueCurveParam name="CyanHueCurve"/>
    <HueCurve ref="cmykroCyan"/>
    <subchannel color="2">
     <ChannelDensityParam name="CyanDensity"/>
    </subchannel>
   </channel>
   <channel name="r1900_magenta" index="2">
    <HueCurveParam name="MagentaHueCurve"/>
    <HueCurve ref="cmykroMagenta"/>
    <subchannel color="1">
     <ChannelDensityParam name="MagentaDensity"/>
    </subchannel>
   </channel>
   <channel name="r1900_yellow" index="3">
    <HueCurveParam name="YellowHueCurve"/>
    <HueCurve ref="cmykroYellow"/>
    <subchannel color="4">
     <ChannelDensityParam name="YellowDensity"/>
    </subchannel>
   </channel>
   <channel name="r1900_red" index="4">
    <HueCurveParam name="RedHueCurve"/>
    <HueCurve ref="cmykroRed"/>
    <subchannel color="7">
     <ChannelDensityParam name="RedDensity"/>
    </subchannel>
   </channel>
   <channel name="r1900_orange" index="5">
    <HueCurveParam name="OrangeHueCurve"/>
    <HueCurve ref="cmykroOrange"/>
    <subchannel color="10">
     <ChannelDensityParam name="OrangeDensity"/>
    </subchannel>
   </channel>
  </Channels>
  <AuxChannels>
   <channel name="standard_gloss" index="0">
    <subchannel color="9">
     <ChannelDensityParam name="GlossDensity"/>
    </subchannel>
   </channel>
  </AuxChannels>
 </InkName>

 <InkName translate="text" name="CMYKG" text="Four Color Standard" InkID="CMYK">
  <Channels>
   <channel name="f360_photo_black" index="0">
    <subchannel color="0" subchannel="4">
     <ChannelDensityParam name="BlackDensity"/>
    </subchannel>
   </channel>
   <channel name="f360_standard_cyan" index="1">
    <subchannel color="2">
     <ChannelDensityParam name="CyanDensity"/>
    </subchannel>
   </channel>
   <channel name="standard_magenta" index="2">
    <subchannel color="1">
     <ChannelDensityParam name="MagentaDensity"/>
    </subchannel>
   </channel>
   <channel name="f360_standard_yellow" index="3">
    <subchannel color="4">
     <ChannelDensityParam name="YellowDensity"/>
    </subchannel>
   </channel>
  </Channels>
  <AuxChannels>
   <channel name="standard_gloss" index="0">
    <subchannel color="9">
     <ChannelDensityParam name="GlossDensity"/>
    </subchannel>
   </channel>
  </AuxChannels>
 </InkName>

 <InkName translate="text" name="RGBG" text="Three Color Composite" InkID="CMYK">
  <Channels>
   <channel name="f360_standard_cyan" index="1">
    <subchannel color="2">
     <ChannelDensityParam name="CyanDensity"/>
    </subchannel>
   </channel>
   <channel name="standard_magenta" index="2">
    <subchannel color="1">
     <ChannelDensityParam name="MagentaDensity"/>
    </subchannel>
   </channel>
   <channel name="f360_standard_yellow" index="3">
    <subchannel color="4">
     <ChannelDensityParam name="YellowDensity"/>
    </subchannel>
   </channel>
  </Channels>
  <AuxChannels>
   <channel name="standard_gloss" index="0">
    <subchannel color="9">
     <ChannelDensityParam name="GlossDensity"/>
    </subchannel>
   </channel>
  </AuxChannels>
 </InkName>

 <InkName translate="text" name="PhysicalBlack" text="One Color Raw" InkID="Extended">
  <Channels>
   <channel name="standard_black" index="0">
    <subchannel color="0">
     <ChannelDensityParam name="BlackDensity"/>
    </subchannel>
   </channel>
  </Channels>
 </InkName>

 <InkName translate="text" name="PhysicalBlackGloss" text="One Color Raw Enhanced Gloss" InkID="Extended">
  <Channels>
   <channel name="f360_photo_black" index="0">
    <subchannel color="0" subchannel="4">
     <ChannelDensityParam name="BlackDensity"/>
    </subchannel>
   </channel>
   <channel name="standard_gloss" index="1">
    <subchannel color="9">
     <ChannelDensityParam name="GlossDensity"/>
    </subchannel>
   </channel>
  </Channels>
 </InkName>

 <InkName translate="text" name="PhysicalCMY" text="Three Color Raw" InkID="Extended">
  <Channels>
   <channel name="f360_standard_cyan" index="0">
    <subchannel color="2">
     <ChannelDensityParam name="CyanDensity"/>
    </subchannel>
   </channel>
   <channel name="standard_magenta" index="1">
    <subchannel color="1">
     <ChannelDensityParam name="MagentaDensity"/>
    </subchannel>
   </channel>
   <channel name="f360_standard_yellow" index="2">
    <subchannel color="4">
     <ChannelDensityParam name="YellowDensity"/>
    </subchannel>
   </channel>
  </Channels>
 </InkName>

 <InkName translate="text" name="PhysicalCMYGloss" text="Three Color Raw Gloss" InkID="Extended">
  <Channels>
   <channel name="f360_standard_cyan" index="0">
    <subchannel color="2">
     <ChannelDensityParam name="CyanDensity"/>
    </subchannel>
   </channel>
   <channel name="standard_magenta" index="1">
    <subchannel color="1">
     <ChannelDensityParam name="MagentaDensity"/>
    </subchannel>
   </channel>
   <channel name="f360_standard_yellow" index="2">
    <subchannel color="4">
     <ChannelDensityParam name="YellowDensity"/>
    </subchannel>
   </channel>
   <channel name="standard_gloss" index="3">
    <subchannel color="9">
     <ChannelDensityParam name="GlossDensity"/>
    </subchannel>
   </channel>
  </Channels>
 </InkName>

 <InkName translate="text" name="PhysicalCMYKGloss" text="Four Color Raw Gloss" InkID="Extended">
  <Channels>
   <channel name="f360_photo_black" index="0">
    <subchannel color="0" subchannel="4">
     <ChannelDensityParam name="BlackDensity"/>
    </subchannel>
   </channel>
   <channel name="f360_standard_cyan" index="1">
    <subchannel color="2">
     <ChannelDensityParam name="CyanDensity"/>
    </subchannel>
   </channel>
   <channel name="standard_magenta" index="2">
    <subchannel color="1">
     <ChannelDensityParam name="MagentaDensity"/>
    </subchannel>
   </channel>
   <channel name="f360_standard_yellow" index="3">
    <subchannel color="4">
     <ChannelDensityParam name="YellowDensity"/>
    </subchannel>
   </channel>
   <channel name="standard_gloss" index="4">
    <subchannel color="9">
     <ChannelDensityParam name="GlossDensity"/>
    </subchannel>
   </channel>
  </Channels>
 </InkName>

 <InkName translate="text" name="PhysicalCMYKRO" text="Six Color Enhanced Gloss Raw" InkID="Extended">
  <Channels>
   <channel name="f360_photo_black" index="0">
    <subchannel color="0" subchannel="4">
     <ChannelDensityParam name="BlackDensity"/>
    </subchannel>
   </channel>
   <channel name="f360_standard_cyan" index="1">
    <subchannel color="2">
     <ChannelDensityParam name="CyanDensity"/>
    </subchannel>
   </channel>
   <channel name="r1900_magenta" index="2">
    <subchannel color="1">
     <ChannelDensityParam name="MagentaDensity"/>
    </subchannel>
   </channel>
   <channel name="r1900_yellow" index="3">
    <subchannel color="4">
     <ChannelDensityParam name="YellowDensity"/>
    </subchannel>
   </channel>
   <channel name="r1900_red" index="4">
    <subchannel color="7">
     <ChannelDensityParam name="RedDensity"/>
    </subchannel>
   </channel>
   <channel name="r1900_orange" index="5">
    <subchannel color="10">
     <ChannelDensityParam name="OrangeDensity"/>
    </subchannel>
   </channel>
   <channel name="standard_gloss" index="6">
    <subchannel color="9">
     <ChannelDensityParam name="GlossDensity"/>
    </subchannel>
   </channel>
  </Channels>
 </InkName>

 <InkName translate="text" name="PhysicalCMYKPRO" text="Seven Color Enhanced Gloss Raw" InkID="Extended">
  <Channels>
   <channel name="standard_black" index="0">
    <subchannel color="0">
     <ChannelDensityParam name="BlackDensity"/>
    </subchannel>
   </channel>
   <channel name="f360_photo_black" index="1">
    <subchannel color="0" subchannel="4">
     <ChannelDensityParam name="BlackDensity"/>
    </subchannel>
   </channel>
   <channel name="r1900_cyan" index="2">
    <subchannel color="2">
     <ChannelDensityParam name="CyanDensity"/>
    </subchannel>
   </channel>
   <channel name="r1900_magenta" index="3">
    <subchannel color="1">
     <ChannelDensityParam name="MagentaDensity"/>
    </subchannel>
   </channel>
   <channel name="r1900_yellow" index="4">
    <subchannel color="4">
     <ChannelDensityParam name="YellowDensity"/>
    </subchannel>
   </channel>
   <channel name="r1900_red" index="5">
    <subchannel color="7">
     <ChannelDensityParam name="RedDensity"/>
    </subchannel>
   </channel>
   <channel name="r1900_orange" index="6">
    <subchannel color="10">
     <ChannelDensityParam name="OrangeDensity"/>
    </subchannel>
   </channel>
   <channel name="standard_gloss" index="7">
    <subchannel color="9">
     <ChannelDensityParam name="GlossDensity"/>
    </subchannel>
   </channel>
  </Channels>
 </InkName>
</InkList>

<InkList translate="text" name="cmykromatte" text="Matte Black">
 <Shades>
  <shade count="1">1.000000</shade>
  <shade count="1">1.000000</shade>
  <shade count="1">1.000000</shade>
  <shade count="1">1.000000</shade>
  <shade count="1">1.000000</shade>
  <shade count="1">1.000000</shade>
 </Shades>

 <InkName translate="text" name="CMYKRO" text="Six Color Photo" InkID="OTHER">
  <Channels>
   <channel name="standard_black" index="0">
    <subchannel color="0" headOffset="1">
     <ChannelDensityParam name="BlackDensity"/>
    </subchannel>
   </channel>
   <channel name="r1900_cyan" index="1">
    <HueCurveParam name="CyanHueCurve"/>
    <HueCurve ref="cmykroCyan"/>
    <subchannel color="2">
     <ChannelDensityParam name="CyanDensity"/>
    </subchannel>
   </channel>
   <channel name="r1900_magenta" index="2">
    <HueCurveParam name="MagentaHueCurve"/>
    <HueCurve ref="cmykroMagenta"/>
    <subchannel color="1">
     <ChannelDensityParam name="MagentaDensity"/>
    </subchannel>
   </channel>
   <channel name="r1900_yellow" index="3">
    <HueCurveParam name="YellowHueCurve"/>
    <HueCurve ref="cmykroYellow"/>
    <subchannel color="4">
     <ChannelDensityParam name="YellowDensity"/>
    </subchannel>
   </channel>
   <channel name="r1900_red" index="4">
    <HueCurveParam name="RedHueCurve"/>
    <HueCurve ref="cmykroRed"/>
    <subchannel color="7">
     <ChannelDensityParam name="RedDensity"/>
    </subchannel>
   </channel>
   <channel name="r1900_orange" index="5">
    <HueCurveParam name="OrangeHueCurve"/>
    <HueCurve ref="cmykroOrange"/>
    <subchannel color="10">
     <ChannelDensityParam name="OrangeDensity"/>
    </subchannel>
   </channel>
  </Channels>
 </InkName>

 <InkName translate="text" name="CMYRO" text="Five Color Photo Composite" InkID="OTHER">
  <Channels>
   <channel name="r1900_cyan" index="1">
    <HueCurveParam name="CyanHueCurve"/>
    <HueCurve ref="cmykroCyan"/>
    <subchannel color="2">
     <ChannelDensityParam name="CyanDensity"/>
    </subchannel>
   </channel>
   <channel name="r1900_magenta" index="2">
    <HueCurveParam name="MagentaHueCurve"/>
    <HueCurve ref="cmykroMagenta"/>
    <subchannel color="1">
     <ChannelDensityParam name="MagentaDensity"/>
    </subchannel>
   </channel>
   <channel name="r1900_yellow" index="3">
    <HueCurveParam name="YellowHueCurve"/>
    <HueCurve ref="cmykroYellow"/>
    <subchannel color="4">
     <ChannelDensityParam name="YellowDensity"/>
    </subchannel>
   </channel>
   <channel name="r1900_red" index="4">
    <HueCurveParam name="RedHueCurve"/>
    <HueCurve ref="cmykroRed"/>
    <subchannel color="7">
     <ChannelDensityParam name="RedDensity"/>
    </subchannel>
   </channel>
   <channel name="r1900_orange" index="5">
    <HueCurveParam name="OrangeHueCurve"/>
    <HueCurve ref="cmykroOrange"/>
    <subchannel color="10">
     <ChannelDensityParam name="OrangeDensity"/>
    </subchannel>
   </channel>
  </Channels>
 </InkName>

 <InkName translate="text" name="CMYKG" text="Four Color Standard" InkID="CMYK">
  <Channels>
   <channel name="standard_black" index="0">
    <subchannel color="0" headOffset="1">
     <ChannelDensityParam name="BlackDensity"/>
    </subchannel>
   </channel>
   <channel name="f360_standard_cyan" index="1">
    <subchannel color="2">
     <ChannelDensityParam name="CyanDensity"/>
    </subchannel>
   </channel>
   <channel name="standard_magenta" index="2">
    <subchannel color="1">
     <ChannelDensityParam name="MagentaDensity"/>
    </subchannel>
   </channel>
   <channel name="f360_standard_yellow" index="3">
    <subchannel color="4">
     <ChannelDensityParam name="YellowDensity"/>
    </subchannel>
   </channel>
  </Channels>
 </InkName>

 <InkName translate="text" name="RGBG" text="Three Color Composite" InkID="CMYK">
  <Channels>
   <channel name="f360_standard_cyan" index="1">
    <subchannel color="2">
     <ChannelDensityParam name="CyanDensity"/>
    </subchannel>
   </channel>
   <channel name="standard_magenta" index="2">
    <subchannel color="1">
     <ChannelDensityParam name="MagentaDensity"/>
    </subchannel>
   </channel>
   <channel name="f360_standard_yellow" index="3">
    <subchannel color="4">
     <ChannelDensityParam name="YellowDensity"/>
    </subchannel>
   </channel>
  </Channels>
 </InkName>

 <InkName translate="text" name="PhysicalBlack" text="One Color Raw" InkID="Extended">
  <Channels>
   <channel name="standard_black" index="0">
    <subchannel color="0" headOffset="1">
     <ChannelDensityParam name="BlackDensity"/>
    </subchannel>
   </channel>
  </Channels>
 </InkName>

 <InkName translate="text" name="PhysicalCMY" text="Three Color Raw" InkID="Extended">
  <Channels>
   <channel name="f360_standard_cyan" index="0">
    <subchannel color="2">
     <ChannelDensityParam name="CyanDensity"/>
    </subchannel>
   </channel>
   <channel name="standard_magenta" index="1">
    <subchannel color="1">
     <ChannelDensityParam name="MagentaDensity"/>
    </subchannel>
   </channel>
   <channel name="f360_standard_yellow" index="2">
    <subchannel color="4">
     <ChannelDensityParam name="YellowDensity"/>
    </subchannel>
   </channel>
  </Channels>
 </InkName>

 <InkName translate="text" name="PhysicalCMYKGloss" text="Four Color Raw" InkID="Extended">
  <Channels>
   <channel name="standard_black" index="0">
    <subchannel color="0" headOffset="1">
     <ChannelDensityParam name="BlackDensity"/>
    </subchannel>
   </channel>
   <channel name="f360_standard_cyan" index="1">
    <subchannel color="2">
     <ChannelDensityParam name="CyanDensity"/>
    </subchannel>
   </channel>
   <channel name="standard_magenta" index="2">
    <subchannel color="1">
     <ChannelDensityParam name="MagentaDensity"/>
    </subchannel>
   </channel>
   <channel name="f360_standard_yellow" index="3">
    <subchannel color="4">
     <ChannelDensityParam name="YellowDensity"/>
    </subchannel>
   </channel>
  </Channels>
 </InkName>

 <InkName translate="text" name="PhysicalCMYKRO" text="Six Color Raw" InkID="Extended">
  <Channels>
   <channel name="standard_black" index="0">
    <subchannel color="0" headOffset="1">
     <ChannelDensityParam name="BlackDensity"/>
    </subchannel>
   </channel>
   <channel name="r1900_cyan" index="1">
    <subchannel color="2">
     <ChannelDensityParam name="CyanDensity"/>
    </subchannel>
   </channel>
   <channel name="r1900_magenta" index="2">
    <subchannel color="1">
     <ChannelDensityParam name="MagentaDensity"/>
    </subchannel>
   </channel>
   <channel name="r1900_yellow" index="3">
    <subchannel color="4">
     <ChannelDensityParam name="YellowDensity"/>
    </subchannel>
   </channel>
   <channel name="r1900_red" index="4">
    <subchannel color="7">
     <ChannelDensityParam name="RedDensity"/>
    </subchannel>
   </channel>
   <channel name="r1900_orange" index="5">
    <subchannel color="10">
     <ChannelDensityParam name="OrangeDensity"/>
    </subchannel>
   </channel>
  </Channels>
 </InkName>
</InkList>
</escp2:InkGroup>
</gutenprint>
