<?xml version="1.0"?>

<gutenprint xmlns="http://gimp-print.sourceforge.net/xsd/gp.xsd-1.0"
xmlns:xsi="http://www.w3.org/2001/XMLSchema-instance"
xsi:schemaLocation="http://gimp-print.sourceforge.net/xsd/gp.xsd-1.0 gutenprint.xsd">
<copyright>
 *   Copyright 2008 Robert Krawitz (rlk@alum.mit.edu)
 *
 *   This program is free software; you can redistribute it and/or modify it
 *   under the terms of the GNU General Public License as published by the Free
 *   Software Foundation; either version 2 of the License, or (at your option)
 *   any later version.
 *
 *   This program is distributed in the hope that it will be useful, but
 *   WITHOUT ANY WARRANTY; without even the implied warranty of MERCHANTABILITY
 *   or FITNESS FOR A PARTICULAR PURPOSE.  See the GNU General Public License
 *   for more details.
 *
 *   You should have received a copy of the GNU General Public License
 *   along with this program; if not, write to the Free Software
 *   Foundation, Inc., 59 Temple Place - Suite 330, Boston, MA 02111-1307, USA.
</copyright>
<escp2:InkGroup name="picturemate_6">
<InkList translate="text" name="picturemate_6" text="Standard">
 <Shades>
  <shade count="1">1.000000</shade>
  <shade count="1">1.000000</shade>
  <shade count="1">1.000000</shade>
  <shade count="1">1.000000</shade>
  <shade count="1">1.000000</shade>
  <shade count="1">1.000000</shade>
 </Shades>

 <InkName translate="text" name="CMYKRB" text="Six Color Photo" InkID="OTHER">
  <Channels>
   <channel name="photo_black" index="0">
    <subchannel color="0" subchannel="0">
     <ChannelDensityParam name="BlackDensity"/>
    </subchannel>
   </channel>
   <channel name="picturemate_cyan" index="1">
    <HueCurveParam name="CyanHueCurve"/>
    <HueCurve>
    <curve wrap="wrap" type="linear" gamma="0" piecewise="false">
     <sequence count="48" lower-bound="0" upper-bound="4">
	1	1	1	1	1	1	1	1
	1	0.875	0.7	0.55	0.4	0.3	0.2	0.1
	0	0	0	0	0	0	0	0
	0	0	0	0	0	0	0	0
	0	0.125	0.25	0.375	0.5	0.625	0.75	0.875
	1	1	1	1	1	1	1	1
     </sequence>
    </curve>
    </HueCurve>
    <subchannel color="2">
     <ChannelDensityParam name="CyanDensity"/>
    </subchannel>
   </channel>
   <channel name="picturemate_magenta" index="2">
    <HueCurveParam name="MagentaHueCurve"/>
    <HueCurve>
    <curve wrap="wrap" type="linear" gamma="0" piecewise="false">
     <sequence count="48" lower-bound="0" upper-bound="4">
	0	0	0	0	0	0	0	0
	0	0	0	0.002	0.05	0.3	0.6	0.8
	1	1	0.85	0.7	0.6	0.5	0.4	0.3
	0.2	0.1	0.05	0	0	0	0	0
	0	0	0	0	0	0	0	0
	0	0	0	0	0	0	0	0
     </sequence>
    </curve>
    </HueCurve>
    <subchannel color="1">
     <ChannelDensityParam name="MagentaDensity"/>
    </subchannel>
   </channel>
   <channel name="picturemate_yellow" index="3">
    <HueCurveParam name="YellowHueCurve"/>
    <HueCurve>
    <curve wrap="wrap" type="linear" gamma="0" piecewise="false">
     <sequence count="48" lower-bound="0" upper-bound="4">
	0	0	0	0	0	0	0	0
	0	0	0	0	0	0	0	0
	0	0	0	0	0	0	0.05	0.15
	0.25	0.35	0.45	0.55	0.65	0.75	0.85	0.95
	1	1	1	1	1	1	1	1
	1	0.875	0.75	0.625	0.5	0.375	0.25	0.125
     </sequence>
    </curve>
    </HueCurve>
    <subchannel color="4">
     <ChannelDensityParam name="YellowDensity"/>
    </subchannel>
   </channel>
   <channel name="picturemate_red" index="4">
    <HueCurveParam name="RedHueCurve"/>
    <HueCurve>
    <curve wrap="wrap" type="linear" gamma="0" piecewise="false">
     <sequence count="48" lower-bound="0" upper-bound="4">
	0	0	0	0	0	0	0	0
	0	0	0	0	0	0	0	0
	0.025	0.4	0.6	0.75	0.89	1	1	1
	1	0.875	0.75	0.625	0.5	0.375	0.25	0.125
	0	0	0	0	0	0	0	0
	0	0	0	0	0	0	0	0
     </sequence>
    </curve>
    </HueCurve>
    <subchannel color="7">
     <ChannelDensityParam name="RedDensity"/>
    </subchannel>
   </channel>
   <channel name="picturemate_blue" index="5">
    <HueCurveParam name="BlueHueCurve"/>
    <HueCurve>
    <curve wrap="wrap" type="linear" gamma="0" piecewise="false">
     <sequence count="48" lower-bound="0" upper-bound="4">
	0	0.25	0.475	0.7	0.81	0.875	0.94	1
	1	0.975	0.93	0.875	0.81	0.74	0.65	0.4
	0.04	0.002	0	0	0	0	0	0
	0	0	0	0	0	0	0	0
	0	0	0	0	0	0	0	0
	0	0	0	0	0	0	0	0
     </sequence>
    </curve>
    </HueCurve>
    <subchannel color="8" headOffset="1">
     <ChannelDensityParam name="BlueDensity"/>
    </subchannel>
   </channel>
  </Channels>
 </InkName>

 <InkName translate="text" name="CMYK" text="Four Color Photo" InkID="CMYK">
  <Channels>
   <channel name="photo_black" index="0">
    <subchannel color="0" subchannel="0">
     <ChannelDensityParam name="BlackDensity"/>
    </subchannel>
   </channel>
   <channel name="picturemate_cyan" index="1">
    <subchannel color="2">
     <ChannelDensityParam name="CyanDensity"/>
    </subchannel>
   </channel>
   <channel name="picturemate_magenta" index="2">
    <subchannel color="1">
     <ChannelDensityParam name="MagentaDensity"/>
    </subchannel>
   </channel>
   <channel name="picturemate_yellow" index="3">
    <subchannel color="4">
     <ChannelDensityParam name="YellowDensity"/>
    </subchannel>
   </channel>
  </Channels>
 </InkName>

 <InkName translate="text" name="PhysicalCMYKRB" text="Six Color Raw" InkID="Extended">
  <Channels>
   <channel name="photo_black" index="0">
    <subchannel color="0" subchannel="0">
     <ChannelDensityParam name="BlackDensity"/>
    </subchannel>
   </channel>
   <channel name="picturemate_cyan" index="1">
    <subchannel color="2">
     <ChannelDensityParam name="CyanDensity"/>
    </subchannel>
   </channel>
   <channel name="picturemate_magenta" index="2">
    <subchannel color="1">
     <ChannelDensityParam name="MagentaDensity"/>
    </subchannel>
   </channel>
   <channel name="picturemate_yellow" index="3">
    <subchannel color="4">
     <ChannelDensityParam name="YellowDensity"/>
    </subchannel>
   </channel>
   <channel name="picturemate_red" index="4">
    <subchannel color="7">
     <ChannelDensityParam name="RedDensity"/>
    </subchannel>
   </channel>
   <channel name="picturemate_blue" index="5">
    <subchannel color="8" headOffset="1">
     <ChannelDensityParam name="BlueDensity"/>
    </subchannel>
   </channel>
  </Channels>
 </InkName>

 <InkName translate="text" name="PhysicalCMYK" text="Four Color Raw" InkID="Extended">
  <Channels>
   <channel name="photo_black" index="0">
    <subchannel color="0" subchannel="0">
     <ChannelDensityParam name="BlackDensity"/>
    </subchannel>
   </channel>
   <channel name="picturemate_cyan" index="1">
    <subchannel color="2">
     <ChannelDensityParam name="CyanDensity"/>
    </subchannel>
   </channel>
   <channel name="picturemate_magenta" index="2">
    <subchannel color="1">
     <ChannelDensityParam name="MagentaDensity"/>
    </subchannel>
   </channel>
   <channel name="picturemate_yellow" index="3">
    <subchannel color="4">
     <ChannelDensityParam name="YellowDensity"/>
    </subchannel>
   </channel>
  </Channels>
 </InkName>
</InkList>
</escp2:InkGroup>
</gutenprint>
