<?xml version="1.0"?>

<gutenprint xmlns="http://gimp-print.sourceforge.net/xsd/gp.xsd-1.0"
xmlns:xsi="http://www.w3.org/2001/XMLSchema-instance"
xsi:schemaLocation="http://gimp-print.sourceforge.net/xsd/gp.xsd-1.0 gutenprint.xsd">
<copyright>
 *   Copyright 2008 Robert Krawitz (rlk@alum.mit.edu)
 *
 *   This program is free software; you can redistribute it and/or modify it
 *   under the terms of the GNU General Public License as published by the Free
 *   Software Foundation; either version 2 of the License, or (at your option)
 *   any later version.
 *
 *   This program is distributed in the hope that it will be useful, but
 *   WITHOUT ANY WARRANTY; without even the implied warranty of MERCHANTABILITY
 *   or FITNESS FOR A PARTICULAR PURPOSE.  See the GNU General Public License
 *   for more details.
 *
 *   You should have received a copy of the GNU General Public License
 *   along with this program; if not, write to the Free Software
 *   Foundation, Inc., 59 Temple Place - Suite 330, Boston, MA 02111-1307, USA.
</copyright>
<escp2:model id="86">
 <media src="escp2/media/picturemate_4.xml"/>
 <inputSlots src="escp2/inputslots/default.xml"/>
 <qualityPresets src="escp2/qualitypresets/picturemate.xml"/>
 <inkGroup src="escp2/inks/picturemate_4.xml"/>
 <preinitSequence>\000\000\000\033\001@EJL\0401284.4\012@EJL\040\040\040\040\040\012\033@</preinitSequence>
 <preinitRemoteSequence>PM\002\000\000\000</preinitRemoteSequence>
 <postinitRemoteSequence>JE\001\000\000</postinitRemoteSequence>
 <commandSet>2000</commandSet>
 <borderless>Full</borderless>
 <supportsVariableDropsizes/>
 <sendZeroAdvance/>
 <supportsD4Mode/>
 <preferredEnvelopeOrientation>Portrait</preferredEnvelopeOrientation>
 <headConfiguration type="default">
  <Nozzles>90</Nozzles>
  <MinNozzles>1</MinNozzles>
  <FirstNozzle>0</FirstNozzle>
  <NozzleSeparation>3</NozzleSeparation>
 </headConfiguration>
 <physicalChannels>4</physicalChannels>
 <baseSeparation>360</baseSeparation>
 <resolutionScale>28800</resolutionScale>
 <minimumResolution>1440 720</minimumResolution>
 <maximumResolution>5760 1440</maximumResolution>
 <separationRows>1</separationRows>
 <zeroMarginOffset>80</zeroMarginOffset>
 <microLeftMargin>42</microLeftMargin>
 <minHorizontalAlignment>1</minHorizontalAlignment>
 <baseHorizontalAlignment>28800</baseHorizontalAlignment>
 <bidirectionalAutoUpperLimit>2073600</bidirectionalAutoUpperLimit>
 <minimumMediaSize>144 144</minimumMediaSize>
 <maximumMediaSize>288 86400</maximumMediaSize>
 <maximumImageableArea>288 86400</maximumImageableArea>
 <margins interleave="soft" media="sheet">9 9 0 0</margins>
 <margins interleave="printer" media="sheet">9 9 0 0</margins>
 <margins interleave="soft" media="roll">9 9 0 0</margins>
 <margins interleave="printer" media="roll">9 9 0 0</margins>
 <CDOffset>204 191</CDOffset>
 <CDMediaSize>595 842</CDMediaSize>
 <AlignmentChoices>4 15 0 0</AlignmentChoices>
 <ChannelNames>
  <ChannelName translate="name" name="Yellow"/>
  <ChannelName translate="name" name="Magenta"/>
  <ChannelName translate="name" name="Cyan"/>
  <ChannelName translate="name" name="Black"/>
 </ChannelNames>
 <resolutions>
  <resolution translate="text" name="1440x720ov" text="1440 x 720 DPI">
   <physicalResolution>2880 720</physicalResolution>
   <printedResolution>1440 720</printedResolution>
   <parameter type="float" name="escp2_density">1.596000</parameter>
   <parameter type="integer" name="escp2_ink_type">18</parameter>
   <parameter type="integer" name="escp2_base_res">720</parameter>
   <parameter type="integer" name="escp2_bits">2</parameter>
   <parameter type="float" name="DropSize1">0.400000</parameter>
   <parameter type="float" name="DropSize2">0.650000</parameter>
   <parameter type="float" name="DropSize3">1.000000</parameter>
  </resolution>
  <resolution translate="text" name="720x1440ov" text="1440 x 720 DPI Transposed">
   <physicalResolution>1440 1440</physicalResolution>
   <printedResolution>720 1440</printedResolution>
   <parameter type="float" name="escp2_density">1.596000</parameter>
   <parameter type="integer" name="escp2_ink_type">18</parameter>
   <parameter type="integer" name="escp2_base_res">720</parameter>
   <parameter type="integer" name="escp2_bits">2</parameter>
   <parameter type="float" name="DropSize1">0.400000</parameter>
   <parameter type="float" name="DropSize2">0.650000</parameter>
   <parameter type="float" name="DropSize3">1.000000</parameter>
  </resolution>
  <resolution translate="text" name="1440x1440sw" text="1440 x 1440 DPI">
   <physicalResolution>1440 1440</physicalResolution>
   <parameter type="float" name="escp2_density">0.798000</parameter>
   <parameter type="integer" name="escp2_ink_type">18</parameter>
   <parameter type="integer" name="escp2_base_res">720</parameter>
   <parameter type="integer" name="escp2_bits">2</parameter>
   <parameter type="float" name="DropSize1">0.400000</parameter>
   <parameter type="float" name="DropSize2">0.650000</parameter>
   <parameter type="float" name="DropSize3">1.000000</parameter>
  </resolution>
  <resolution translate="text" name="2880x1440sw" text="2880 x 1440 DPI">
   <physicalResolution>2880 1440</physicalResolution>
   <parameter type="float" name="escp2_density">0.650000</parameter>
   <parameter type="integer" name="escp2_ink_type">18</parameter>
   <parameter type="integer" name="escp2_base_res">720</parameter>
   <parameter type="integer" name="escp2_bits">2</parameter>
   <parameter type="float" name="DropSize1">0.615000</parameter>
   <parameter type="float" name="DropSize2">1.000000</parameter>
  </resolution>
  <resolution translate="text" name="5760x1440sw" text="5760 x 1440 DPI">
   <physicalResolution>5760 1440</physicalResolution>
   <parameter type="float" name="escp2_density">0.530000</parameter>
   <parameter type="integer" name="escp2_ink_type">18</parameter>
   <parameter type="integer" name="escp2_base_res">720</parameter>
   <parameter type="integer" name="escp2_bits">2</parameter>
   <parameter type="float" name="DropSize1">1.000000</parameter>
  </resolution>
 </resolutions>
</escp2:model>
</gutenprint>
