<?xml version="1.0"?>

<gutenprint xmlns="http://gimp-print.sourceforge.net/xsd/gp.xsd-1.0"
xmlns:xsi="http://www.w3.org/2001/XMLSchema-instance"
xsi:schemaLocation="http://gimp-print.sourceforge.net/xsd/gp.xsd-1.0 gutenprint.xsd">
<copyright>
 *   Copyright 2008 Robert Krawitz (rlk@alum.mit.edu)
 *
 *   This program is free software; you can redistribute it and/or modify it
 *   under the terms of the GNU General Public License as published by the Free
 *   Software Foundation; either version 2 of the License, or (at your option)
 *   any later version.
 *
 *   This program is distributed in the hope that it will be useful, but
 *   WITHOUT ANY WARRANTY; without even the implied warranty of MERCHANTABILITY
 *   or FITNESS FOR A PARTICULAR PURPOSE.  See the GNU General Public License
 *   for more details.
 *
 *   You should have received a copy of the GNU General Public License
 *   along with this program; if not, write to the Free Software
 *   Foundation, Inc., 59 Temple Place - Suite 330, Boston, MA 02111-1307, USA.
</copyright>
<escp2:PrinterWeaves name="pro7500">
 <weave translate="text" name="Off" text="Off" command="\033(i\001\000\000"/>
 <weave translate="text" name="On" text="Interleave" command="\033(i\001\000\001"/>
 <weave translate="text" name="FOL" text="Full Overlap" command="\033(i\001\000\002"/>
 <weave translate="text" name="FourPass" text="Four Pass" command="\033(i\001\000\003"/>
 <weave translate="text" name="FOL2" text="Full Overlap 2" command="\033(i\001\000\004"/>
 <weave translate="text" name="MW2" text="Interleave 2" command="\033(i\001\000\005"/>
</escp2:PrinterWeaves>
</gutenprint>
