<dvdauthor dest="DVD">
 <vmgm>
 <!-- The root menu will play the non-captioned movie once, and then jump to the first titleset -->
 <!-- I use register g0 to save my button state for looping. -->
 <menus>
 <pgc>
 <vob file="kite.mpg" />
  <post>
 g0=0;
 jump titleset 1 menu;
 </post> 
 </pgc>
 </menus>
 </vmgm>

<titleset>
 <menus>
 <pgc>
 <vob file="kiteWithCap.mpg"/>
 <button name="Options"> jump title 1; </button>
 <button name="Play"> jump title 1; </button>
 <button name="Bloopers"> jump title 1; </button>
 <button name="Scenes"> jump title 1; </button>
 <pre>
 <!-- restore my button state -->
 button=g0;
 </pre>
 <post>
 g0 = button; <!-- Save my button state -->
 jump menu 1; <!-- loop! -->
 </post>
 </pgc>
 </menus>

 <titles>
 <pgc>
 <!-- sorry to reuse this so often, but I want to keep the package small! -->
   <!-- Ideally, this would be your movie. -->
 <vob file="kite.mpg"/>
 </pgc>
 </titles>
 </titleset>
</dvdauthor> 

